	CHROM	POS	ID	REF	ALT	QUAL	FILTER	INFO	FORMAT	I18066	I18068	I18069	I7487	I7488	I7489	I7490	I7491	I7492	I7493	I7495	I7496	I7497	I7498	PRESENCE
51	T176_L1.phylip_consensus_sequence	1776	.	T	A	483.96	MQfilter	AC=2;AF=1.00;AN=2;DP=159;ExcessHet=3.0103;FS=0.000;MLEAC=2;MLEAF=1.00;MQ=16.48;QD=33.74;SOR=5.136	GT:AD:DP:GQ:PL	./.	./.	./.	./.	1/1	./.	./.	./.	./.	./.	./.	./.	./.	./.	1
119	T176_L100.phylip_consensus_sequence	440	.	C	T	32.63	MQfilter	AC=1;AF=0.050;AN=20;BaseQRankSum=-1.645e+00;ClippingRankSum=0.00;DP=1570;ExcessHet=3.0103;FS=0.000;InbreedingCoeff=-0.0832;MLEAC=1;MLEAF=0.050;MQ=5.85;MQRankSum=0.00;QD=6.53;ReadPosRankSum=1.65;SOR=0.368	GT:AD:DP:GQ:PL	0/0	0/0	./.	0/0	0/0	0/0	0/1	./.	./.	./.	0/0	0/0	0/0	0/0	1
176	T176_L100.phylip_consensus_sequence	1705	.	C	T	2713.49	MQfilter	AC=2;AF=0.250;AN=8;DP=944;ExcessHet=0.3218;FS=0.000;MLEAC=2;MLEAF=0.250;MQ=17.71;QD=24.97;SOR=4.768	GT:AD:DP:GQ:PGT:PID:PL	./.	./.	./.	0/0	./.	./.	./.	./.	./.	./.	0/0	./.	0/0	1/1	1
274	T176_L103.phylip_consensus_sequence	1386	.	G	T	22.52	QDfilter	AC=1;AF=0.036;AN=28;BaseQRankSum=1.25;ClippingRankSum=0.00;DP=2316;ExcessHet=3.0103;FS=12.881;InbreedingCoeff=-0.0370;MLEAC=1;MLEAF=0.036;MQ=60.00;MQRankSum=0.00;QD=0.43;ReadPosRankSum=-2.863e+00;SOR=3.605	GT:AD:DP:GQ:PL	0/0	0/0	0/0	0/0	0/0	0/0	0/0	0/1	0/0	0/0	0/0	0/0	0/0	0/0	1
457	T176_L107.phylip_consensus_sequence	1474	.	G	T	22.52	QDfilter	AC=1;AF=0.036;AN=28;BaseQRankSum=-2.852e+00;ClippingRankSum=0.00;DP=1872;ExcessHet=3.0103;FS=0.000;InbreedingCoeff=-0.0370;MLEAC=1;MLEAF=0.036;MQ=60.00;MQRankSum=0.00;QD=0.51;ReadPosRankSum=0.481;SOR=0.765	GT:AD:DP:GQ:PL	0/0	0/0	0/0	0/0	0/0	0/0	0/0	0/1	0/0	0/0	0/0	0/0	0/0	0/0	1
610	T176_L110.phylip_consensus_sequence	83	.	A	T	572.12	MQfilter	AC=1;AF=0.038;AN=26;BaseQRankSum=-1.571e+00;ClippingRankSum=0.00;DP=361;ExcessHet=3.0103;FS=0.000;InbreedingCoeff=-0.0557;MLEAC=1;MLEAF=0.038;MQ=38.08;MQRankSum=0.00;QD=19.73;ReadPosRankSum=0.856;SOR=0.906	GT:AD:DP:GQ:PL	0/0	0/0	0/0	0/0	0/0	0/1	0/0	0/0	0/0	0/0	0/0	./.	0/0	0/0	1
705	T176_L113.phylip_consensus_sequence	104	.	A	T	1068.59	MQfilter	AC=2;AF=0.083;AN=24;DP=418;ExcessHet=0.0955;FS=0.000;InbreedingCoeff=0.9821;MLEAC=2;MLEAF=0.083;MQ=28.55;QD=35.11;SOR=4.977	GT:AD:DP:GQ:PGT:PID:PL	0/0	0/0	0/0	0/0	0/0	./.	0/0	0/0	0/0	0/0	0/0	./.	0/0	1/1	1
738	T176_L113.phylip_consensus_sequence	1586	.	T	C	137.2	MQfilter	AC=3;AF=0.750;AN=4;BaseQRankSum=-4.310e-01;ClippingRankSum=0.00;DP=57;ExcessHet=3.0103;FS=0.000;MLEAC=3;MLEAF=0.750;MQ=17.77;MQRankSum=0.00;QD=27.44;ReadPosRankSum=0.00;SOR=1.981	GT:AD:DP:GQ:PL	./.	./.	./.	0/1	./.	./.	./.	./.	1/1	./.	./.	./.	./.	./.	2
743	T176_L114.phylip_consensus_sequence	115	.	C	A	16.67	QDfilter	AC=1;AF=0.036;AN=28;BaseQRankSum=-1.400e-01;ClippingRankSum=0.00;DP=399;ExcessHet=3.0103;FS=0.000;InbreedingCoeff=-0.0414;MLEAC=1;MLEAF=0.036;MQ=60.00;MQRankSum=0.00;QD=1.85;ReadPosRankSum=-1.150e+00;SOR=0.132	GT:AD:DP:GQ:PL	0/0	0/0	0/0	0/0	0/0	0/0	0/0	0/0	0/1	0/0	0/0	0/0	0/0	0/0	1
776	T176_L114.phylip_consensus_sequence	1817	.	A	G	674.96	MQfilter	AC=2;AF=1.00;AN=2;DP=73;ExcessHet=3.0103;FS=0.000;MLEAC=2;MLEAF=1.00;MQ=28.95;QD=30.23;SOR=5.784	GT:AD:DP:GQ:PL	./.	./.	./.	./.	./.	./.	./.	./.	./.	./.	1/1	./.	./.	./.	1
780	T176_L115.phylip_consensus_sequence	73	.	C	T	130.24	MQfilter	AC=2;AF=0.077;AN=26;DP=174;ExcessHet=0.0877;FS=0.000;InbreedingCoeff=0.8284;MLEAC=1;MLEAF=0.038;MQ=29.10;QD=32.56;SOR=3.258	GT:AD:DP:GQ:PL	0/0	0/0	./.	0/0	1/1	0/0	0/0	0/0	0/0	0/0	0/0	0/0	0/0	0/0	1
781	T176_L115.phylip_consensus_sequence	79	.	T	C	299.6	MQfilter	AC=2;AF=0.077;AN=26;DP=191;ExcessHet=0.0877;FS=0.000;InbreedingCoeff=0.8613;MLEAC=2;MLEAF=0.077;MQ=37.03;QD=29.73;SOR=4.407	GT:AD:DP:GQ:PL	0/0	0/0	./.	0/0	0/0	0/0	0/0	0/0	0/0	0/0	0/0	0/0	0/0	1/1	1
854	T176_L116.phylip_consensus_sequence	992	.	C	A	29.2	QDfilter	AC=1;AF=0.038;AN=26;BaseQRankSum=1.94;ClippingRankSum=0.00;DP=367;ExcessHet=3.0103;FS=0.000;InbreedingCoeff=-0.0566;MLEAC=1;MLEAF=0.038;MQ=60.00;MQRankSum=0.00;QD=1.27;ReadPosRankSum=0.825;SOR=0.036	GT:AD:DP:GQ:PL	0/0	0/0	0/0	0/0	./.	0/0	0/0	0/1	0/0	0/0	0/0	0/0	0/0	0/0	1
949	T176_L119.phylip_consensus_sequence	1775	.	C	T	1191.65	MQfilter	AC=4;AF=0.667;AN=6;DP=84;ExcessHet=0.4576;FS=0.000;MLEAC=5;MLEAF=0.833;MQ=37.82;QD=34.02;SOR=6.804	GT:AD:DP:GQ:PGT:PID:PL	./.	1/1	./.	./.	./.	./.	./.	./.	./.	0/0	./.	./.	./.	1/1	2
995	T176_L120.phylip_consensus_sequence	529	.	G	T	29.5	QDfilter	AC=1;AF=0.036;AN=28;BaseQRankSum=1.22;ClippingRankSum=0.00;DP=2330;ExcessHet=3.0103;FS=9.464;InbreedingCoeff=-0.0370;MLEAC=1;MLEAF=0.036;MQ=60.00;MQRankSum=0.00;QD=0.82;ReadPosRankSum=0.720;SOR=3.258	GT:AD:DP:GQ:PL	0/0	0/0	0/0	0/0	0/0	0/0	0/0	0/1	0/0	0/0	0/0	0/0	0/0	0/0	1
1021	T176_L121.phylip_consensus_sequence	268	.	C	A	20.54	QDfilter	AC=1;AF=0.036;AN=28;BaseQRankSum=-2.641e+00;ClippingRankSum=0.00;DP=980;ExcessHet=3.0103;FS=5.718;InbreedingCoeff=-0.0370;MLEAC=1;MLEAF=0.036;MQ=60.00;MQRankSum=0.00;QD=0.71;ReadPosRankSum=-1.405e+00;SOR=2.551	GT:AD:DP:GQ:PL	0/0	0/0	0/0	0/0	0/0	0/0	0/0	0/1	0/0	0/0	0/0	0/0	0/0	0/0	1
1234	T176_L126.phylip_consensus_sequence	1672	.	T	G	749.92	MQfilter	AC=2;AF=0.077;AN=26;DP=490;ExcessHet=0.0877;FS=0.000;InbreedingCoeff=0.6920;MLEAC=2;MLEAF=0.077;MQ=37.36;QD=30.67;SOR=5.994	GT:AD:DP:GQ:PGT:PID:PL	0/0	0/0	0/0	0/0	./.	0/0	0/0	0/0	0/0	0/0	0/0	0/0	0/0	1/1	1
1284	T176_L127.phylip_consensus_sequence	1453	.	G	A	1035.96	MQfilter	AC=2;AF=1.00;AN=2;DP=118;ExcessHet=3.0103;FS=0.000;MLEAC=2;MLEAF=1.00;MQ=27.06;QD=30.64;SOR=6.439	GT:AD:DP:GQ:PL	./.	./.	1/1	./.	./.	./.	./.	./.	./.	./.	./.	./.	./.	./.	1
1384	T176_L129.phylip_consensus_sequence	1026	.	C	T	104.47	MQfilter	AC=2;AF=1.00;AN=2;DP=116;ExcessHet=3.0103;FS=0.000;MLEAC=2;MLEAF=1.00;MQ=9.65;QD=34.82;SOR=2.833	GT:AD:DP:GQ:PL	./.	./.	./.	./.	1/1	./.	./.	./.	./.	./.	./.	./.	./.	./.	1
1558	T176_L133.phylip_consensus_sequence	1789	.	G	A	16.52	QDfilter	AC=1;AF=0.038;AN=26;BaseQRankSum=0.00;ClippingRankSum=0.00;DP=193;ExcessHet=3.0103;FS=0.000;InbreedingCoeff=-0.0676;MLEAC=1;MLEAF=0.038;MQ=60.00;MQRankSum=0.00;QD=1.65;ReadPosRankSum=-1.282e+00;SOR=0.105	GT:AD:DP:GQ:PL	0/0	0/0	0/0	0/0	0/0	0/0	./.	0/1	0/0	0/0	0/0	0/0	0/0	0/0	1
1629	T176_L135.phylip_consensus_sequence	1652	.	C	A	27.54	QDfilter	AC=1;AF=0.036;AN=28;BaseQRankSum=-5.880e-01;ClippingRankSum=0.00;DP=651;ExcessHet=3.0103;FS=2.542;InbreedingCoeff=-0.0393;MLEAC=1;MLEAF=0.036;MQ=60.00;MQRankSum=0.00;QD=0.92;ReadPosRankSum=-1.486e+00;SOR=1.329	GT:AD:DP:GQ:PL	0/0	0/0	0/0	0/0	0/0	0/0	0/0	0/1	0/0	0/0	0/0	0/0	0/0	0/0	1
1671	T176_L138.phylip_consensus_sequence	103	.	A	G	1323.51	MQfilter	AC=2;AF=0.091;AN=22;DP=520;ExcessHet=0.1047;FS=0.000;InbreedingCoeff=0.9317;MLEAC=2;MLEAF=0.091;MQ=26.75;QD=36.59;SOR=5.610	GT:AD:DP:GQ:PL	./.	0/0	0/0	0/0	1/1	0/0	0/0	0/0	./.	0/0	0/0	0/0	0/0	./.	1
1720	T176_L138.phylip_consensus_sequence	1292	.	A	T	2846.86	MQfilter	AC=2;AF=0.077;AN=26;BaseQRankSum=-3.980e-01;ClippingRankSum=0.00;DP=812;ExcessHet=0.0877;FS=0.000;InbreedingCoeff=0.9874;MLEAC=2;MLEAF=0.077;MQ=34.86;MQRankSum=0.00;QD=30.04;ReadPosRankSum=-1.090e+00;SOR=0.391	GT:AD:DP:GQ:PL	0/0	0/0	0/0	0/0	0/0	0/0	0/0	0/0	0/0	0/0	0/0	./.	0/0	1/1	1
1810	T176_L14.phylip_consensus_sequence	1821	.	T	A	141.92	MQfilter	AC=3;AF=0.300;AN=10;BaseQRankSum=-1.150e+00;ClippingRankSum=0.00;DP=46;ExcessHet=0.7918;FS=0.000;MLEAC=2;MLEAF=0.200;MQ=36.74;MQRankSum=0.00;QD=23.65;ReadPosRankSum=-1.150e+00;SOR=2.303	GT:AD:DP:GQ:PL	1/1	0/0	./.	./.	./.	./.	./.	./.	./.	./.	0/0	0/0	0/1	./.	2
1868	T176_L140.phylip_consensus_sequence	1409	.	C	T	52.96	MQfilter	AC=1;AF=0.500;AN=2;BaseQRankSum=0.00;ClippingRankSum=0.00;DP=39;ExcessHet=3.0103;FS=0.000;MLEAC=1;MLEAF=0.500;MQ=19.22;MQRankSum=0.00;QD=13.24;ReadPosRankSum=0.00;SOR=0.693	GT:AD:DP:GQ:PL	./.	./.	0/1	./.	./.	./.	./.	./.	./.	./.	./.	./.	./.	./.	1
1913	T176_L141.phylip_consensus_sequence	1914	.	A	G	476.34	MQfilter	AC=2;AF=0.091;AN=22;BaseQRankSum=1.16;ClippingRankSum=0.00;DP=519;ExcessHet=3.2222;FS=0.000;InbreedingCoeff=-0.0987;MLEAC=2;MLEAF=0.091;MQ=25.18;MQRankSum=0.00;QD=15.37;ReadPosRankSum=1.15;SOR=0.631	GT:AD:DP:GQ:PL	0/0	0/0	./.	0/0	./.	./.	0/0	0/0	0/1	0/1	0/0	0/0	0/0	0/0	2
1985	T176_L142.phylip_consensus_sequence	2055	.	C	T	251.96	MQfilter	AC=1;AF=0.500;AN=2;BaseQRankSum=-4.390e-01;ClippingRankSum=0.00;DP=120;ExcessHet=3.0103;FS=0.000;MLEAC=1;MLEAF=0.500;MQ=26.27;MQRankSum=0.00;QD=10.95;ReadPosRankSum=-3.040e-01;SOR=0.275	GT:AD:DP:GQ:PL	./.	./.	0/1	./.	./.	./.	./.	./.	./.	./.	./.	./.	./.	./.	1
2050	T176_L145.phylip_consensus_sequence	42	.	A	G	88.47	MQfilter	AC=2;AF=0.167;AN=12;DP=293;ExcessHet=0.2020;FS=0.000;MLEAC=2;MLEAF=0.167;MQ=22.68;QD=22.12;SOR=3.258	GT:AD:DP:GQ:PL	0/0	0/0	0/0	1/1	./.	./.	./.	./.	./.	./.	0/0	./.	./.	0/0	1
2053	T176_L145.phylip_consensus_sequence	105	.	C	T	406.04	MQfilter	AC=1;AF=0.042;AN=24;BaseQRankSum=0.325;ClippingRankSum=0.00;DP=526;ExcessHet=3.0103;FS=8.674;InbreedingCoeff=-0.0815;MLEAC=1;MLEAF=0.042;MQ=33.61;MQRankSum=0.00;QD=25.38;ReadPosRankSum=2.56;SOR=3.611	GT:AD:DP:GQ:PL	0/0	0/0	0/0	0/0	0/1	0/0	0/0	0/0	./.	0/0	0/0	0/0	0/0	./.	1
2054	T176_L145.phylip_consensus_sequence	114	.	A	G	1523.65	MQfilter	AC=2;AF=0.143;AN=14;DP=634;ExcessHet=0.1703;FS=0.000;MLEAC=2;MLEAF=0.143;MQ=24.98;QD=37.63;SOR=2.964	GT:AD:DP:GQ:PGT:PID:PL	0/0	./.	0/0	./.	0/0	0/0	./.	./.	./.	./.	0/0	./.	0/0	1/1	1
2272	T176_L149.phylip_consensus_sequence	1081	.	G	T	16.59	QDfilter	AC=1;AF=0.036;AN=28;BaseQRankSum=-6.360e-01;ClippingRankSum=0.00;DP=1571;ExcessHet=3.0103;FS=2.688;InbreedingCoeff=-0.0370;MLEAC=1;MLEAF=0.036;MQ=60.00;MQRankSum=0.00;QD=1.19;ReadPosRankSum=-1.950e-01;SOR=0.971	GT:AD:DP:GQ:PL	0/0	0/0	0/0	0/0	0/0	0/0	0/1	0/0	0/0	0/0	0/0	0/0	0/0	0/0	1
2472	T176_L153.phylip_consensus_sequence	1880	.	C	T	3165.96	MQfilter	AC=1;AF=0.500;AN=2;BaseQRankSum=2.72;ClippingRankSum=0.00;DP=1192;ExcessHet=3.0103;FS=6.167;MLEAC=1;MLEAF=0.500;MQ=24.16;MQRankSum=1.31;QD=16.24;ReadPosRankSum=1.66;SOR=1.283	GT:AD:DP:GQ:PL	./.	./.	0/1	./.	./.	./.	./.	./.	./.	./.	./.	./.	./.	./.	1
2504	T176_L154.phylip_consensus_sequence	1422	.	G	T	39.5	QDfilter	AC=1;AF=0.036;AN=28;BaseQRankSum=-2.488e+00;ClippingRankSum=0.00;DP=1502;ExcessHet=3.0103;FS=0.000;InbreedingCoeff=-0.0372;MLEAC=1;MLEAF=0.036;MQ=60.00;MQRankSum=0.00;QD=1.88;ReadPosRankSum=-1.531e+00;SOR=0.542	GT:AD:DP:GQ:PL	0/0	0/0	0/0	0/0	0/0	0/0	0/0	0/1	0/0	0/0	0/0	0/0	0/0	0/0	1
2643	T176_L158.phylip_consensus_sequence	14	.	C	T	94.62	QDfilter	AC=2;AF=0.077;AN=26;BaseQRankSum=0.527;ClippingRankSum=0.00;DP=211;ExcessHet=3.5218;FS=0.000;InbreedingCoeff=-0.1591;MLEAC=2;MLEAF=0.077;MQ=65.19;MQRankSum=0.00;QD=1.37;ReadPosRankSum=1.02;SOR=0.072	GT:AD:DP:GQ:PGT:PID:PL	0/1	0/0	0/1	0/0	0/0	0/0	./.	0/0	0/0	0/0	0/0	0/0	0/0	0/0	2
2766	T176_L16.phylip_consensus_sequence	1948	.	G	A	91.47	MQfilter	AC=2;AF=1.00;AN=2;DP=44;ExcessHet=3.0103;FS=0.000;MLEAC=2;MLEAF=1.00;MQ=15.67;QD=30.49;SOR=2.833	GT:AD:DP:GQ:PL	./.	./.	./.	./.	./.	./.	./.	./.	./.	./.	1/1	./.	./.	./.	1
2808	T176_L161.phylip_consensus_sequence	48	.	C	T	39.18	MQfilter	AC=1;AF=0.042;AN=24;BaseQRankSum=0.967;ClippingRankSum=0.00;DP=275;ExcessHet=3.0103;FS=0.000;InbreedingCoeff=-0.0444;MLEAC=1;MLEAF=0.042;MQ=30.98;MQRankSum=0.00;QD=9.80;ReadPosRankSum=0.00;SOR=0.693	GT:AD:DP:GQ:PL	0/0	0/0	0/0	0/0	0/0	0/0	./.	0/0	0/1	0/0	0/0	0/0	0/0	./.	1
2836	T176_L161.phylip_consensus_sequence	1280	.	T	G	1601.09	MQfilter	AC=2;AF=0.100;AN=20;BaseQRankSum=1.13;ClippingRankSum=0.00;DP=1477;ExcessHet=3.2451;FS=8.142;InbreedingCoeff=-0.1438;MLEAC=2;MLEAF=0.100;MQ=21.81;MQRankSum=0.00;QD=21.07;ReadPosRankSum=1.63;SOR=0.225	GT:AD:DP:GQ:PL	./.	0/0	./.	0/0	0/0	0/0	0/0	./.	0/1	0/1	0/0	0/0	0/0	./.	2
2851	T176_L162.phylip_consensus_sequence	27	.	C	CAGTA	10.77	QDfilter	AC=1;AF=0.036;AN=28;BaseQRankSum=0.561;ClippingRankSum=0.00;DP=185;ExcessHet=3.0103;FS=0.000;InbreedingCoeff=-0.0787;MLEAC=1;MLEAF=0.036;MQ=60.00;MQRankSum=0.00;QD=0.90;ReadPosRankSum=0.00;SOR=0.072	GT:AD:DP:GQ:PL	0/0	0/0	0/0	0/0	0/0	0/0	0/0	0/0	0/0	0/0	0/0	0/0	0/1	0/0	1
2899	T176_L163.phylip_consensus_sequence	76	.	C	A	778.44	FSfilter	AC=5;AF=0.179;AN=28;BaseQRankSum=-1.658e+00;ClippingRankSum=0.00;DP=300;ExcessHet=6.9401;FS=66.753;InbreedingCoeff=-0.3440;MLEAC=6;MLEAF=0.214;MQ=83.66;MQRankSum=-4.299e+00;QD=6.18;ReadPosRankSum=0.189;SOR=0.000	GT:AD:DP:GQ:PGT:PID:PL	0/0	0/1	0/0	0/1	0/0	0/1	0/0	0/0	0/0	0/1	0/0	0/0	0/1	0/0	5
2900	T176_L163.phylip_consensus_sequence	81	.	A	G	504.48	FSfilter	AC=5;AF=0.192;AN=26;BaseQRankSum=-1.403e+00;ClippingRankSum=0.00;DP=340;ExcessHet=8.0516;FS=73.725;InbreedingCoeff=-0.3565;MLEAC=6;MLEAF=0.231;MQ=81.66;MQRankSum=-4.469e+00;QD=3.68;ReadPosRankSum=0.111;SOR=0.000	GT:AD:DP:GQ:PGT:PID:PL	0/0	0/1	0/0	0/1	0/0	0/1	./.	0/0	0/0	0/1	0/0	0/0	0/1	0/0	5
2956	T176_L164.phylip_consensus_sequence	207	.	C	T	1608.43	MQfilter	AC=2;AF=0.083;AN=24;DP=582;ExcessHet=0.0955;FS=0.000;InbreedingCoeff=0.7582;MLEAC=2;MLEAF=0.083;MQ=30.33;QD=34.97;SOR=2.303	GT:AD:DP:GQ:PL	0/0	0/0	./.	0/0	1/1	0/0	0/0	0/0	./.	0/0	0/0	0/0	0/0	0/0	1
2957	T176_L164.phylip_consensus_sequence	212	.	CCCA	C	10.35	QDfilter	AC=1;AF=0.036;AN=28;BaseQRankSum=-1.200e+00;ClippingRankSum=0.00;DP=604;ExcessHet=3.0103;FS=3.090;InbreedingCoeff=-0.0580;MLEAC=1;MLEAF=0.036;MQ=60.00;MQRankSum=0.00;QD=0.94;ReadPosRankSum=-1.602e+00;SOR=0.132	GT:AD:DP:GQ:PL	0/0	0/0	0/0	0/0	0/0	0/0	0/0	0/0	0/1	0/0	0/0	0/0	0/0	0/0	1
3031	T176_L166.phylip_consensus_sequence	636	.	C	A	35.5	QDfilter	AC=1;AF=0.036;AN=28;BaseQRankSum=-2.000e-01;ClippingRankSum=0.00;DP=1835;ExcessHet=3.0103;FS=10.098;InbreedingCoeff=-0.0371;MLEAC=1;MLEAF=0.036;MQ=60.00;MQRankSum=0.00;QD=1.27;ReadPosRankSum=0.330;SOR=3.240	GT:AD:DP:GQ:PL	0/0	0/0	0/0	0/0	0/0	0/0	0/0	0/1	0/0	0/0	0/0	0/0	0/0	0/0	1
3033	T176_L166.phylip_consensus_sequence	740	.	C	A	31.5	QDfilter	AC=1;AF=0.036;AN=28;BaseQRankSum=2.58;ClippingRankSum=0.00;DP=1861;ExcessHet=3.0103;FS=5.591;InbreedingCoeff=-0.0370;MLEAC=1;MLEAF=0.036;MQ=60.00;MQRankSum=0.00;QD=0.85;ReadPosRankSum=1.36;SOR=2.712	GT:AD:DP:GQ:PL	0/0	0/0	0/0	0/0	0/0	0/0	0/0	0/1	0/0	0/0	0/0	0/0	0/0	0/0	1
3035	T176_L166.phylip_consensus_sequence	939	.	A	T	13949.38	FSfilter	AC=3;AF=0.107;AN=28;BaseQRankSum=-1.195e+01;ClippingRankSum=0.00;DP=2181;ExcessHet=0.2482;FS=87.663;InbreedingCoeff=0.5216;MLEAC=3;MLEAF=0.107;MQ=60.00;MQRankSum=0.00;QD=19.24;ReadPosRankSum=-5.808e+00;SOR=0.005	GT:AD:DP:GQ:PL	0/0	0/0	0/0	0/0	0/0	0/0	0/0	0/0	1/1	0/0	0/1	0/0	0/0	0/0	2
3053	T176_L167.phylip_consensus_sequence	34	.	A	T	50.7	MQfilter	AC=2;AF=0.077;AN=26;DP=140;ExcessHet=0.0955;FS=0.000;InbreedingCoeff=0.5831;MLEAC=1;MLEAF=0.038;MQ=19.47;QD=25.35;SOR=2.303	GT:AD:DP:GQ:PL	0/0	0/0	./.	0/0	0/0	1/1	0/0	0/0	0/0	0/0	0/0	0/0	0/0	0/0	1
3110	T176_L168.phylip_consensus_sequence	326	.	A	G	5554.5	ReadPosRankSumfilter	AC=1;AF=0.036;AN=28;BaseQRankSum=2.55;ClippingRankSum=0.00;DP=3582;ExcessHet=3.0103;FS=5.667;InbreedingCoeff=-0.0370;MLEAC=1;MLEAF=0.036;MQ=60.00;MQRankSum=0.00;QD=11.97;ReadPosRankSum=-8.886e+00;SOR=1.116	GT:AD:DP:GQ:PL	0/0	0/0	0/0	0/1	0/0	0/0	0/0	0/0	0/0	0/0	0/0	0/0	0/0	0/0	1
3162	T176_L169.phylip_consensus_sequence	577	.	C	T	306.5	QDfilter	AC=1;AF=0.036;AN=28;BaseQRankSum=0.734;ClippingRankSum=0.00;DP=1553;ExcessHet=3.0103;FS=2.947;InbreedingCoeff=-0.0373;MLEAC=1;MLEAF=0.036;MQ=60.00;MQRankSum=0.00;QD=1.90;ReadPosRankSum=1.79;SOR=1.026	GT:AD:DP:GQ:PL	0/0	0/0	0/0	0/0	0/0	0/0	0/0	0/0	0/0	0/1	0/0	0/0	0/0	0/0	1
3175	T176_L169.phylip_consensus_sequence	810	.	G	C	16.58	QDfilter	AC=1;AF=0.042;AN=24;BaseQRankSum=0.00;ClippingRankSum=0.00;DP=162;ExcessHet=3.0103;FS=0.000;InbreedingCoeff=-0.0938;MLEAC=1;MLEAF=0.042;MQ=60.00;MQRankSum=0.00;QD=1.66;ReadPosRankSum=-6.230e-01;SOR=0.446	GT:AD:DP:GQ:PGT:PID:PL	0/0	0/0	0/0	0/1	./.	0/0	./.	0/0	0/0	0/0	0/0	0/0	0/0	0/0	1
3259	T176_L173.phylip_consensus_sequence	1792	.	G	A	152.22	MQfilter	AC=2;AF=1.00;AN=2;DP=92;ExcessHet=3.0103;FS=0.000;MLEAC=2;MLEAF=1.00;MQ=12.51;QD=30.56;SOR=3.258	GT:AD:DP:GQ:PL	./.	./.	./.	./.	1/1	./.	./.	./.	./.	./.	./.	./.	./.	./.	1
3318	T176_L175.phylip_consensus_sequence	1428	.	A	G	1772.14	MQfilter	AC=1;AF=0.038;AN=26;BaseQRankSum=-6.800e-01;ClippingRankSum=0.00;DP=1360;ExcessHet=3.0103;FS=0.606;InbreedingCoeff=-0.0403;MLEAC=1;MLEAF=0.038;MQ=35.10;MQRankSum=0.00;QD=17.37;ReadPosRankSum=0.531;SOR=0.777	GT:AD:DP:GQ:PL	0/0	0/0	0/0	0/0	0/1	0/0	0/0	0/0	0/0	0/0	0/0	0/0	0/0	./.	1
3435	T176_L178.phylip_consensus_sequence	170	.	T	C	12739.48	MQfilter	AC=2;AF=0.143;AN=14;DP=1276;ExcessHet=0.1703;FS=0.000;MLEAC=2;MLEAF=0.143;MQ=35.83;QD=34.88;SOR=4.670	GT:AD:DP:GQ:PGT:PID:PL	0/0	0/0	./.	0/0	./.	./.	./.	./.	0/0	./.	1/1	0/0	0/0	./.	1
3457	T176_L178.phylip_consensus_sequence	1375	.	T	G	776.13	MQfilter	AC=3;AF=0.750;AN=4;BaseQRankSum=2.63;ClippingRankSum=0.00;DP=107;ExcessHet=3.0103;FS=6.532;MLEAC=3;MLEAF=0.750;MQ=29.68;MQRankSum=1.74;QD=28.75;ReadPosRankSum=3.21;SOR=4.003	GT:AD:DP:GQ:PGT:PID:PL	./.	./.	./.	./.	./.	./.	./.	1/1	./.	./.	./.	./.	./.	0/1	2
3458	T176_L178.phylip_consensus_sequence	1386	.	G	C	196.09	MQfilter	AC=2;AF=1.00;AN=2;DP=95;ExcessHet=3.0103;FS=0.000;MLEAC=2;MLEAF=1.00;MQ=13.76;QD=30.28;SOR=3.611	GT:AD:DP:GQ:PGT:PID:PL	./.	./.	./.	./.	./.	./.	./.	1/1	./.	./.	./.	./.	./.	./.	1
3742	T176_L186.phylip_consensus_sequence	102	.	G	A	341.4	MQfilter	AC=2;AF=0.083;AN=24;DP=269;ExcessHet=0.0955;FS=0.000;InbreedingCoeff=0.5985;MLEAC=2;MLEAF=0.083;MQ=37.53;QD=28.11;SOR=4.615	GT:AD:DP:GQ:PGT:PID:PL	0/0	0/0	0/0	0/0	1/1	./.	./.	0/0	0/0	0/0	0/0	0/0	0/0	0/0	1
3811	T176_L187.phylip_consensus_sequence	1249	.	G	T	2412.06	FSfilter	AC=12;AF=0.429;AN=28;BaseQRankSum=-9.800e-01;ClippingRankSum=0.00;DP=242;ExcessHet=14.8243;FS=65.160;InbreedingCoeff=-0.6753;MLEAC=13;MLEAF=0.464;MQ=60.00;MQRankSum=0.00;QD=11.22;ReadPosRankSum=1.59;SOR=0.001	GT:AD:DP:GQ:PGT:PID:PL	0/1	0/1	0/1	0/1	0/1	0/0	1/1	0/0	0/0	0/1	0/1	0/1	0/1	0/1	11
3815	T176_L187.phylip_consensus_sequence	1274	.	T	C	20.99	MQfilter;QDfilter	AC=1;AF=0.500;AN=2;BaseQRankSum=-2.174e+00;ClippingRankSum=0.00;DP=201;ExcessHet=3.0103;FS=8.751;MLEAC=1;MLEAF=0.500;MQ=16.39;MQRankSum=0.00;QD=1.40;ReadPosRankSum=0.588;SOR=0.005	GT:AD:DP:GQ:PL	./.	./.	./.	./.	./.	./.	./.	./.	./.	./.	./.	0/1	./.	./.	1
3906	T176_L189.phylip_consensus_sequence	1755	.	C	A	33.5	QDfilter	AC=1;AF=0.036;AN=28;BaseQRankSum=2.15;ClippingRankSum=0.00;DP=539;ExcessHet=3.0103;FS=5.291;InbreedingCoeff=-0.0370;MLEAC=1;MLEAF=0.036;MQ=60.00;MQRankSum=0.00;QD=0.99;ReadPosRankSum=-2.955e+00;SOR=2.062	GT:AD:DP:GQ:PL	0/0	0/0	0/0	0/0	0/0	0/0	0/0	0/1	0/0	0/0	0/0	0/0	0/0	0/0	1
4106	T176_L194.phylip_consensus_sequence	1865	.	G	A	182.09	MQfilter	AC=2;AF=1.00;AN=2;DP=80;ExcessHet=3.0103;FS=0.000;MLEAC=2;MLEAF=1.00;MQ=15.00;QD=28.84;SOR=3.611	GT:AD:DP:GQ:PL	./.	./.	./.	./.	./.	./.	./.	./.	./.	./.	./.	./.	./.	1/1	1
4309	T176_L199.phylip_consensus_sequence	1173	.	C	A	266.06	MQfilter	AC=2;AF=0.077;AN=26;DP=892;ExcessHet=0.0877;FS=0.000;InbreedingCoeff=0.9947;MLEAC=2;MLEAF=0.077;MQ=18.77;QD=29.56;SOR=1.402	GT:AD:DP:GQ:PL	0/0	0/0	0/0	0/0	0/0	0/0	0/0	0/0	1/1	0/0	0/0	0/0	0/0	./.	1
4437	T176_L201.phylip_consensus_sequence	1793	.	T	G	34.29	MQfilter	AC=1;AF=0.045;AN=22;BaseQRankSum=-1.383e+00;ClippingRankSum=0.00;DP=856;ExcessHet=3.6173;FS=0.000;InbreedingCoeff=-0.1399;MLEAC=1;MLEAF=0.045;MQ=12.54;MQRankSum=0.00;QD=3.81;ReadPosRankSum=0.732;SOR=0.223	GT:AD:DP:GQ:PL	0/0	./.	0/0	0/0	0/0	0/0	0/1	./.	0/0	./.	0/0	0/0	0/0	0/0	1
4554	T176_L205.phylip_consensus_sequence	1706	.	G	A	66.93	MQfilter	AC=2;AF=1.00;AN=2;DP=5;ExcessHet=3.0103;FS=0.000;MLEAC=2;MLEAF=1.00;MQ=37.95;QD=33.47;SOR=2.303	GT:AD:DP:GQ:PGT:PID:PL	./.	./.	./.	./.	./.	./.	./.	./.	./.	./.	./.	./.	1/1	./.	1
4556	T176_L206.phylip_consensus_sequence	81	.	G	T	197.58	MQfilter	AC=1;AF=0.042;AN=24;BaseQRankSum=-9.920e-01;ClippingRankSum=0.00;DP=196;ExcessHet=3.0103;FS=0.000;InbreedingCoeff=-0.0617;MLEAC=1;MLEAF=0.042;MQ=30.00;MQRankSum=0.00;QD=24.70;ReadPosRankSum=-6.190e-01;SOR=1.863	GT:AD:DP:GQ:PL	0/0	0/0	0/0	0/0	0/0	0/0	0/0	0/0	0/0	0/1	0/0	./.	0/0	./.	1
4680	T176_L208.phylip_consensus_sequence	1484	.	C	A	14.66	QDfilter	AC=1;AF=0.036;AN=28;BaseQRankSum=2.04;ClippingRankSum=0.00;DP=1196;ExcessHet=3.0103;FS=0.000;InbreedingCoeff=-0.0376;MLEAC=1;MLEAF=0.036;MQ=60.00;MQRankSum=0.00;QD=0.54;ReadPosRankSum=1.29;SOR=0.425	GT:AD:DP:GQ:PL	0/0	0/0	0/0	0/0	0/0	0/0	0/0	0/1	0/0	0/0	0/0	0/0	0/0	0/0	1
4699	T176_L209.phylip_consensus_sequence	134	.	GA	G	11.81	QDfilter	AC=1;AF=0.036;AN=28;BaseQRankSum=0.00;ClippingRankSum=0.00;DP=958;ExcessHet=3.0103;FS=0.000;InbreedingCoeff=-0.0405;MLEAC=1;MLEAF=0.036;MQ=60.00;MQRankSum=0.00;QD=0.91;ReadPosRankSum=2.46;SOR=0.804	GT:AD:DP:GQ:PL	0/0	0/0	0/0	0/0	0/1	0/0	0/0	0/0	0/0	0/0	0/0	0/0	0/0	0/0	1
4755	T176_L21.phylip_consensus_sequence	1750	.	T	C	87.47	MQfilter	AC=2;AF=1.00;AN=2;DP=109;ExcessHet=3.0103;FS=0.000;MLEAC=2;MLEAF=1.00;MQ=9.95;QD=29.16;SOR=2.833	GT:AD:DP:GQ:PGT:PID:PL	./.	./.	./.	./.	./.	./.	./.	./.	./.	./.	./.	./.	./.	1/1	1
4957	T176_L218.phylip_consensus_sequence	1836	.	C	A	106.47	MQfilter	AC=2;AF=1.00;AN=2;DP=44;ExcessHet=3.0103;FS=0.000;MLEAC=2;MLEAF=1.00;MQ=15.67;QD=26.53;SOR=2.833	GT:AD:DP:GQ:PL	./.	./.	./.	./.	./.	./.	./.	./.	./.	./.	./.	./.	1/1	./.	1
4974	T176_L219.phylip_consensus_sequence	192	.	T	G	6937.13	MQfilter	AC=2;AF=0.167;AN=12;DP=2351;ExcessHet=0.6367;FS=0.000;MLEAC=3;MLEAF=0.250;MQ=19.64;QD=32.92;SOR=3.186	GT:AD:DP:GQ:PGT:PID:PL	0/0	./.	./.	./.	./.	0/0	0/0	./.	./.	./.	./.	0/0	0/0	1/1	1
5017	T176_L219.phylip_consensus_sequence	1771	.	A	G	159.96	MQfilter	AC=1;AF=0.500;AN=2;BaseQRankSum=1.08;ClippingRankSum=0.00;DP=78;ExcessHet=3.0103;FS=0.000;MLEAC=1;MLEAF=0.500;MQ=23.53;MQRankSum=0.00;QD=13.33;ReadPosRankSum=0.711;SOR=0.446	GT:AD:DP:GQ:PL	0/1	./.	./.	./.	./.	./.	./.	./.	./.	./.	./.	./.	./.	./.	1
5110	T176_L222.phylip_consensus_sequence	195	.	C	A	12.74	QDfilter	AC=1;AF=0.036;AN=28;BaseQRankSum=2.32;ClippingRankSum=0.00;DP=1152;ExcessHet=3.0103;FS=10.590;InbreedingCoeff=-0.0372;MLEAC=1;MLEAF=0.036;MQ=60.00;MQRankSum=0.00;QD=0.45;ReadPosRankSum=1.07;SOR=2.802	GT:AD:DP:GQ:PL	0/0	0/0	0/0	0/0	0/0	0/0	0/0	0/1	0/0	0/0	0/0	0/0	0/0	0/0	1
5193	T176_L223.phylip_consensus_sequence	379	.	C	T	5214.51	FSfilter	AC=1;AF=0.036;AN=28;BaseQRankSum=-6.349e+00;ClippingRankSum=0.00;DP=1404;ExcessHet=3.0103;FS=61.464;InbreedingCoeff=-0.0376;MLEAC=1;MLEAF=0.036;MQ=60.00;MQRankSum=0.00;QD=18.11;ReadPosRankSum=-4.590e-01;SOR=0.060	GT:AD:DP:GQ:PL	0/0	0/0	0/0	0/0	0/0	0/0	0/0	0/0	0/0	0/0	0/0	0/0	0/0	0/1	1
5390	T176_L228.phylip_consensus_sequence	20	.	A	C	1609.67	FSfilter;MQfilter	AC=9;AF=0.563;AN=16;BaseQRankSum=-6.190e-01;ClippingRankSum=0.00;DP=369;ExcessHet=4.8882;FS=115.600;MLEAC=9;MLEAF=0.563;MQ=34.65;MQRankSum=-6.190e-01;QD=14.50;ReadPosRankSum=-9.280e-01;SOR=1.542	GT:AD:DP:GQ:PL	./.	0/1	./.	0/1	./.	./.	./.	0/1	1/1	1/1	0/1	0/0	./.	0/1	7
5391	T176_L228.phylip_consensus_sequence	56	.	T	C	5428.89	FSfilter	AC=14;AF=0.500;AN=28;BaseQRankSum=-1.378e+00;ClippingRankSum=0.00;DP=308;ExcessHet=20.1324;FS=351.437;InbreedingCoeff=-0.7303;MLEAC=14;MLEAF=0.500;MQ=59.47;MQRankSum=-1.741e+00;QD=19.60;ReadPosRankSum=1.00;SOR=1.206	GT:AD:DP:GQ:PGT:PID:PL	0/1	0/1	0/0	0/1	0/1	0/1	0/1	0/1	1/1	0/1	0/1	0/1	0/1	0/1	13
5392	T176_L228.phylip_consensus_sequence	57	.	T	C	8313.87	FSfilter	AC=20;AF=0.714;AN=28;BaseQRankSum=-1.150e+00;ClippingRankSum=0.00;DP=307;ExcessHet=9.0773;FS=200.443;InbreedingCoeff=-0.4157;MLEAC=20;MLEAF=0.714;MQ=57.26;MQRankSum=-1.741e+00;QD=27.44;ReadPosRankSum=1.15;SOR=0.000	GT:AD:DP:GQ:PGT:PID:PL	0/1	0/1	1/1	1/1	1/1	0/1	0/1	0/1	1/1	1/1	1/1	0/1	0/1	0/1	14
5393	T176_L228.phylip_consensus_sequence	58	.	G	A	6705.19	FSfilter	AC=17;AF=0.607;AN=28;BaseQRankSum=-1.767e+00;ClippingRankSum=0.00;DP=308;ExcessHet=17.6052;FS=285.214;InbreedingCoeff=-0.6689;MLEAC=17;MLEAF=0.607;MQ=57.27;MQRankSum=-1.741e+00;QD=22.06;ReadPosRankSum=1.20;SOR=0.488	GT:AD:DP:GQ:PGT:PID:PL	0/1	0/1	1/1	0/1	1/1	0/1	0/1	0/1	1/1	0/1	0/1	0/1	0/1	0/1	14
5395	T176_L228.phylip_consensus_sequence	72	.	A	G	5168.89	FSfilter	AC=14;AF=0.500;AN=28;BaseQRankSum=-9.970e-01;ClippingRankSum=0.00;DP=367;ExcessHet=20.1324;FS=505.220;InbreedingCoeff=-0.7303;MLEAC=14;MLEAF=0.500;MQ=60.44;MQRankSum=-2.260e+00;QD=15.62;ReadPosRankSum=1.71;SOR=1.425	GT:AD:DP:GQ:PGT:PID:PL	0/1	0/1	0/0	0/1	0/1	0/1	0/1	0/1	1/1	0/1	0/1	0/1	0/1	0/1	13
5397	T176_L228.phylip_consensus_sequence	97	.	GA	G	2775.5	FSfilter	AC=11;AF=0.458;AN=24;BaseQRankSum=0.620;ClippingRankSum=0.00;DP=521;ExcessHet=14.8243;FS=430.130;InbreedingCoeff=-0.6804;MLEAC=12;MLEAF=0.500;MQ=50.54;MQRankSum=-2.997e+00;QD=10.63;ReadPosRankSum=1.69;SOR=2.568	GT:AD:DP:GQ:PGT:PID:PL	0/0	0/1	0/0	0/1	./.	./.	0/1	0/1	1/1	0/1	0/1	0/1	0/1	0/1	10
5398	T176_L228.phylip_consensus_sequence	102	.	A	G	324.67	MQfilter	AC=2;AF=0.083;AN=24;DP=702;ExcessHet=0.0955;FS=0.000;InbreedingCoeff=0.7420;MLEAC=2;MLEAF=0.083;MQ=20.78;QD=29.30;SOR=4.615	GT:AD:DP:GQ:PL	0/0	0/0	0/0	0/0	1/1	0/0	0/0	0/0	./.	0/0	0/0	0/0	0/0	./.	1
5399	T176_L228.phylip_consensus_sequence	103	.	ACC	A	2659.1	FSfilter	AC=10;AF=0.417;AN=24;BaseQRankSum=1.19;ClippingRankSum=0.00;DP=550;ExcessHet=12.6867;FS=436.638;InbreedingCoeff=-0.6061;MLEAC=11;MLEAF=0.458;MQ=54.50;MQRankSum=-3.199e+00;QD=11.13;ReadPosRankSum=1.01;SOR=2.537	GT:AD:DP:GQ:PGT:PID:PL	0/0	0/1	0/0	0/1	./.	./.	0/1	0/1	1/1	0/1	0/1	0/0	0/1	0/1	9
5400	T176_L228.phylip_consensus_sequence	110	.	A	G	2657.38	FSfilter	AC=10;AF=0.417;AN=24;BaseQRankSum=0.511;ClippingRankSum=0.00;DP=570;ExcessHet=11.1051;FS=469.746;InbreedingCoeff=-0.5480;MLEAC=11;MLEAF=0.458;MQ=54.97;MQRankSum=-3.081e+00;QD=10.72;ReadPosRankSum=0.792;SOR=2.568	GT:AD:DP:GQ:PGT:PID:PL	0/0	0/1	0/0	0/1	./.	./.	0/1	0/1	1/1	0/1	0/1	0/0	0/1	0/1	9
5401	T176_L228.phylip_consensus_sequence	113	.	T	C	2666.68	FSfilter	AC=10;AF=0.417;AN=24;BaseQRankSum=0.063;ClippingRankSum=0.00;DP=578;ExcessHet=10.9887;FS=474.969;InbreedingCoeff=-0.5480;MLEAC=11;MLEAF=0.458;MQ=54.89;MQRankSum=-2.997e+00;QD=10.54;ReadPosRankSum=0.531;SOR=2.568	GT:AD:DP:GQ:PGT:PID:PL	0/0	0/1	0/0	0/1	./.	./.	0/1	0/1	1/1	0/1	0/1	0/0	0/1	0/1	9
5402	T176_L228.phylip_consensus_sequence	119	.	C	T	2617.01	FSfilter	AC=10;AF=0.417;AN=24;BaseQRankSum=0.237;ClippingRankSum=0.00;DP=598;ExcessHet=10.9887;FS=487.117;InbreedingCoeff=-0.5362;MLEAC=11;MLEAF=0.458;MQ=54.91;MQRankSum=-3.081e+00;QD=9.91;ReadPosRankSum=0.198;SOR=2.568	GT:AD:DP:GQ:PGT:PID:PL	0/0	0/1	0/0	0/1	./.	./.	0/1	0/1	1/1	0/1	0/1	0/0	0/1	0/1	9
5403	T176_L228.phylip_consensus_sequence	130	.	A	T	2472.18	FSfilter	AC=10;AF=0.417;AN=24;BaseQRankSum=1.28;ClippingRankSum=0.00;DP=653;ExcessHet=10.9887;FS=530.862;InbreedingCoeff=-0.5122;MLEAC=11;MLEAF=0.458;MQ=55.30;MQRankSum=-3.316e+00;QD=8.47;ReadPosRankSum=-6.540e-01;SOR=2.804	GT:AD:DP:GQ:PGT:PID:PL	0/0	0/1	0/0	0/1	./.	./.	0/1	0/1	1/1	0/1	0/1	0/0	0/1	0/1	9
5405	T176_L228.phylip_consensus_sequence	140	.	A	T,G	2954.33	FSfilter	AC=2,9;AF=0.083,0.375;AN=24;BaseQRankSum=1.81;ClippingRankSum=0.00;DP=698;ExcessHet=2.6369;FS=506.900;InbreedingCoeff=0.0384;MLEAC=2,9;MLEAF=0.083,0.375;MQ=61.16;MQRankSum=-5.177e+00;QD=11.72;ReadPosRankSum=-1.934e+00;SOR=2.167	GT:AD:DP:GQ:PGT:PID:PL	0/0	0/0	0/0	1/2	./.	./.	0/2	0/2	2/2	1/2	0/2	0/0	0/2	0/2	8
5406	T176_L228.phylip_consensus_sequence	141	.	T	C	287.19	FSfilter	AC=4;AF=0.167;AN=24;BaseQRankSum=1.83;ClippingRankSum=0.00;DP=790;ExcessHet=2.5425;FS=68.776;InbreedingCoeff=0.0409;MLEAC=5;MLEAF=0.208;MQ=49.91;MQRankSum=-1.688e+00;QD=4.71;ReadPosRankSum=0.674;SOR=5.667	GT:AD:DP:GQ:PL	0/0	0/0	0/0	0/1	./.	./.	0/0	0/0	1/1	0/0	0/0	0/0	0/0	0/1	3
5407	T176_L228.phylip_consensus_sequence	142	.	G	C	448.14	FSfilter	AC=2;AF=0.071;AN=28;BaseQRankSum=-2.340e-01;ClippingRankSum=0.00;DP=849;ExcessHet=3.4845;FS=74.978;InbreedingCoeff=-0.0994;MLEAC=2;MLEAF=0.071;MQ=55.13;MQRankSum=2.59;QD=10.93;SOR=5.278	GT:AD:DP:GQ:PGT:PID:PL	0/0	0/0	0/0	0/1	0/0	0/0	0/0	0/0	0/0	0/1	0/0	0/0	0/0	0/0	2
5408	T176_L228.phylip_consensus_sequence	143	.	G	A	449.29	FSfilter	AC=2;AF=0.077;AN=26;BaseQRankSum=-3.830e-01;ClippingRankSum=0.00;DP=853;ExcessHet=3.5218;FS=74.978;InbreedingCoeff=-0.1233;MLEAC=2;MLEAF=0.077;MQ=40.23;MQRankSum=2.59;QD=10.96;ReadPosRankSum=3.86;SOR=5.278	GT:AD:DP:GQ:PGT:PID:PL	0/0	0/0	0/0	0/1	./.	0/0	0/0	0/0	0/0	0/1	0/0	0/0	0/0	0/0	2
5409	T176_L228.phylip_consensus_sequence	144	.	C	T	3272.15	FSfilter	AC=10;AF=0.417;AN=24;BaseQRankSum=1.19;ClippingRankSum=0.00;DP=716;ExcessHet=4.7294;FS=466.889;InbreedingCoeff=-0.2123;MLEAC=10;MLEAF=0.417;MQ=61.04;MQRankSum=-2.472e+00;QD=12.54;ReadPosRankSum=-2.100e+00;SOR=1.481	GT:AD:DP:GQ:PGT:PID:PL	0/0	0/0	0/0	0/1	./.	./.	0/1	0/1	1/1	0/1	0/1	0/0	0/1	1/1	8
5413	T176_L228.phylip_consensus_sequence	161	.	T	A	15.66	QDfilter	AC=1;AF=0.036;AN=28;BaseQRankSum=-1.701e+00;ClippingRankSum=0.00;DP=833;ExcessHet=3.0103;FS=18.921;InbreedingCoeff=-0.0393;MLEAC=1;MLEAF=0.036;MQ=59.70;MQRankSum=-2.132e+00;QD=1.20;ReadPosRankSum=-2.171e+00;SOR=2.198	GT:AD:DP:GQ:PGT:PID:PL	0/0	0/0	0/0	0/0	0/0	0/0	0/1	0/0	0/0	0/0	0/0	0/0	0/0	0/0	1
5474	T176_L229.phylip_consensus_sequence	1924	.	A	C	306.36	MQfilter	AC=2;AF=0.250;AN=8;DP=130;ExcessHet=0.3218;FS=0.000;MLEAC=2;MLEAF=0.250;MQ=19.09;QD=28.49;SOR=4.407	GT:AD:DP:GQ:PGT:PID:PL	./.	./.	./.	./.	./.	0/0	./.	./.	./.	./.	0/0	0/0	./.	1/1	1
5625	T176_L233.phylip_consensus_sequence	647	.	C	A	39.5	QDfilter	AC=1;AF=0.036;AN=28;BaseQRankSum=1.28;ClippingRankSum=0.00;DP=1181;ExcessHet=3.0103;FS=12.693;InbreedingCoeff=-0.0370;MLEAC=1;MLEAF=0.036;MQ=60.00;MQRankSum=0.00;QD=0.82;ReadPosRankSum=0.617;SOR=3.609	GT:AD:DP:GQ:PGT:PID:PL	0/0	0/0	0/0	0/0	0/0	0/0	0/0	0/1	0/0	0/0	0/0	0/0	0/0	0/0	1
5638	T176_L233.phylip_consensus_sequence	1816	.	G	T	14.8	QDfilter	AC=1;AF=0.036;AN=28;BaseQRankSum=-7.180e-01;ClippingRankSum=0.00;DP=416;ExcessHet=3.0103;FS=0.000;InbreedingCoeff=-0.0449;MLEAC=1;MLEAF=0.036;MQ=60.00;MQRankSum=0.00;QD=1.35;ReadPosRankSum=-1.282e+00;SOR=0.086	GT:AD:DP:GQ:PL	0/0	0/0	0/0	0/0	0/0	0/0	0/0	0/1	0/0	0/0	0/0	0/0	0/0	0/0	1
5640	T176_L233.phylip_consensus_sequence	1900	.	A	G	200.09	MQfilter	AC=2;AF=1.00;AN=2;DP=134;ExcessHet=3.0103;FS=0.000;MLEAC=2;MLEAF=1.00;MQ=11.59;QD=29.90;SOR=3.611	GT:AD:DP:GQ:PL	./.	./.	./.	./.	./.	./.	./.	1/1	./.	./.	./.	./.	./.	./.	1
5675	T176_L234.phylip_consensus_sequence	1631	.	G	A	224.3	MQfilter	AC=2;AF=0.500;AN=4;DP=691;ExcessHet=0.7918;FS=0.000;MLEAC=3;MLEAF=0.750;MQ=5.85;QD=29.02;SOR=3.912	GT:AD:DP:GQ:PGT:PID:PL	./.	./.	./.	./.	./.	./.	./.	1/1	./.	./.	./.	./.	0/0	./.	1
5682	T176_L234.phylip_consensus_sequence	1659	.	T	C	292.1	FSfilter	AC=4;AF=0.143;AN=28;BaseQRankSum=-1.685e+00;ClippingRankSum=0.00;DP=437;ExcessHet=3.4539;FS=96.613;InbreedingCoeff=-0.0165;MLEAC=4;MLEAF=0.143;MQ=120.29;MQRankSum=0.00;QD=6.21;ReadPosRankSum=-5.500e-01;SOR=0.000	GT:AD:DP:GQ:PGT:PID:PL	0/0	0/0	0/0	0/0	0/0	0/1	0/0	1/1	0/0	0/1	0/0	0/0	0/0	0/0	3
5684	T176_L234.phylip_consensus_sequence	1661	.	T	C	15247.12	FSfilter	AC=21;AF=0.750;AN=28;BaseQRankSum=1.78;ClippingRankSum=0.00;DP=358;ExcessHet=5.0440;FS=102.376;InbreedingCoeff=-0.1057;MLEAC=22;MLEAF=0.786;MQ=60.00;MQRankSum=0.00;QD=29.32;ReadPosRankSum=0.932;SOR=9.272	GT:AD:DP:GQ:PGT:PID:PL	0/1	1/1	1/1	0/1	1/1	0/1	1/1	0/0	1/1	0/1	1/1	1/1	0/1	1/1	13
5685	T176_L234.phylip_consensus_sequence	1662	.	T	C	23.33	QDfilter	AC=2;AF=0.071;AN=28;BaseQRankSum=-3.840e-01;ClippingRankSum=0.00;DP=413;ExcessHet=4.5961;FS=19.047;InbreedingCoeff=-0.1677;MLEAC=2;MLEAF=0.071;MQ=101.62;MQRankSum=0.00;QD=0.61;ReadPosRankSum=-4.500e-02;SOR=0.009	GT:AD:DP:GQ:PGT:PID:PL	0/0	0/0	0/0	0/1	0/0	0/0	0/0	0/0	0/0	0/1	0/0	0/0	0/0	0/0	2
5686	T176_L234.phylip_consensus_sequence	1663	.	G	A	12126.8	FSfilter	AC=18;AF=0.643;AN=28;BaseQRankSum=1.67;ClippingRankSum=0.00;DP=340;ExcessHet=1.9748;FS=86.799;InbreedingCoeff=0.0396;MLEAC=18;MLEAF=0.643;MQ=60.00;MQRankSum=0.00;QD=26.26;ReadPosRankSum=1.43;SOR=8.734	GT:AD:DP:GQ:PGT:PID:PL	0/1	1/1	0/1	0/1	1/1	0/1	1/1	0/0	1/1	0/1	1/1	1/1	0/1	0/0	12
5688	T176_L234.phylip_consensus_sequence	1672	.	T	C	12850.07	FSfilter	AC=21;AF=0.750;AN=28;BaseQRankSum=1.77;ClippingRankSum=0.00;DP=316;ExcessHet=5.0440;FS=80.037;InbreedingCoeff=-0.1064;MLEAC=22;MLEAF=0.786;MQ=60.00;MQRankSum=0.00;QD=26.88;ReadPosRankSum=1.11;SOR=7.978	GT:AD:DP:GQ:PGT:PID:PL	0/1	1/1	1/1	0/1	1/1	0/1	1/1	0/0	1/1	0/1	1/1	1/1	0/1	1/1	13
5800	T176_L236.phylip_consensus_sequence	1295	.	A	G	1743.96	MQfilter	AC=2;AF=1.00;AN=2;DP=373;ExcessHet=3.0103;FS=0.000;MLEAC=2;MLEAF=1.00;MQ=20.37;QD=29.59;SOR=3.767	GT:AD:DP:GQ:PL	./.	./.	./.	./.	./.	./.	./.	./.	./.	./.	1/1	./.	./.	./.	1
5801	T176_L236.phylip_consensus_sequence	1299	.	A	G	673.18	MQfilter	AC=2;AF=0.500;AN=4;DP=370;ExcessHet=0.7918;FS=0.000;MLEAC=2;MLEAF=0.500;MQ=13.23;QD=27.97;SOR=5.670	GT:AD:DP:GQ:PGT:PID:PL	./.	./.	./.	./.	./.	./.	./.	./.	./.	./.	0/0	./.	./.	1/1	1
5899	T176_L238.phylip_consensus_sequence	1222	.	G	T	12.73	QDfilter	AC=1;AF=0.036;AN=28;BaseQRankSum=0.577;ClippingRankSum=0.00;DP=2082;ExcessHet=3.0103;FS=3.090;InbreedingCoeff=-0.0370;MLEAC=1;MLEAF=0.036;MQ=60.00;MQRankSum=0.00;QD=1.16;ReadPosRankSum=-1.282e+00;SOR=1.981	GT:AD:DP:GQ:PL	0/0	0/0	0/0	0/0	0/0	0/0	0/1	0/0	0/0	0/0	0/0	0/0	0/0	0/0	1
5919	T176_L238.phylip_consensus_sequence	1706	.	T	A	259.17	MQfilter	AC=1;AF=0.038;AN=26;BaseQRankSum=1.35;ClippingRankSum=0.00;DP=325;ExcessHet=3.0103;FS=0.000;InbreedingCoeff=-0.0572;MLEAC=1;MLEAF=0.038;MQ=35.27;MQRankSum=0.00;QD=13.64;ReadPosRankSum=2.04;SOR=0.446	GT:AD:DP:GQ:PL	0/0	./.	0/0	0/1	0/0	0/0	0/0	0/0	0/0	0/0	0/0	0/0	0/0	0/0	1
5941	T176_L239.phylip_consensus_sequence	631	.	G	T	12.74	QDfilter	AC=1;AF=0.036;AN=28;BaseQRankSum=0.567;ClippingRankSum=0.00;DP=3296;ExcessHet=3.0103;FS=9.746;InbreedingCoeff=-0.0376;MLEAC=1;MLEAF=0.036;MQ=60.00;MQRankSum=0.00;QD=0.33;ReadPosRankSum=0.837;SOR=3.247	GT:AD:DP:GQ:PL	0/0	0/0	0/0	0/0	0/0	0/0	0/0	0/1	0/0	0/0	0/0	0/0	0/0	0/0	1
5980	T176_L24.phylip_consensus_sequence	102	.	C	T	2002.96	MQfilter	AC=1;AF=0.500;AN=2;BaseQRankSum=-9.160e-01;ClippingRankSum=0.00;DP=594;ExcessHet=3.0103;FS=16.344;MLEAC=1;MLEAF=0.500;MQ=17.10;MQRankSum=-2.452e+00;QD=27.01;ReadPosRankSum=3.41;SOR=0.476	GT:AD:DP:GQ:PGT:PID:PL	./.	./.	0/1	./.	./.	./.	./.	./.	./.	./.	./.	./.	./.	./.	1
5982	T176_L24.phylip_consensus_sequence	126	.	G	A	51.66	QDfilter	AC=1;AF=0.036;AN=28;BaseQRankSum=1.47;ClippingRankSum=0.00;DP=552;ExcessHet=3.0103;FS=1.949;InbreedingCoeff=-0.0453;MLEAC=1;MLEAF=0.036;MQ=57.99;MQRankSum=-1.382e+00;QD=1.26;ReadPosRankSum=1.72;SOR=0.836	GT:AD:DP:GQ:PL	0/0	0/0	0/0	0/0	0/0	0/0	0/0	0/0	0/0	0/0	0/0	0/0	0/0	0/1	1
5991	T176_L24.phylip_consensus_sequence	351	.	G	A	31.58	QDfilter	AC=1;AF=0.036;AN=28;BaseQRankSum=0.282;ClippingRankSum=0.00;DP=880;ExcessHet=3.0103;FS=6.767;InbreedingCoeff=-0.0413;MLEAC=1;MLEAF=0.036;MQ=60.00;MQRankSum=0.00;QD=1.66;ReadPosRankSum=1.74;SOR=2.812	GT:AD:DP:GQ:PL	0/0	0/0	0/0	0/0	0/0	0/0	0/0	0/1	0/0	0/0	0/0	0/0	0/0	0/0	1
6000	T176_L24.phylip_consensus_sequence	554	.	G	A	489.54	QDfilter;ReadPosRankSumfilter	AC=1;AF=0.036;AN=28;BaseQRankSum=4.86;ClippingRankSum=0.00;DP=2468;ExcessHet=3.0103;FS=0.897;InbreedingCoeff=-0.0393;MLEAC=1;MLEAF=0.036;MQ=60.00;MQRankSum=0.00;QD=0.96;ReadPosRankSum=-8.261e+00;SOR=0.499	GT:AD:DP:GQ:PL	0/0	0/0	0/0	0/0	0/0	0/0	0/0	0/0	0/0	0/0	0/1	0/0	0/0	0/0	1
6001	T176_L24.phylip_consensus_sequence	566	.	A	T	167.14	QDfilter	AC=2;AF=0.071;AN=28;BaseQRankSum=2.05;ClippingRankSum=0.00;DP=1974;ExcessHet=3.4845;FS=7.367;InbreedingCoeff=-0.0994;MLEAC=2;MLEAF=0.071;MQ=60.00;MQRankSum=0.00;QD=0.28;ReadPosRankSum=-7.739e+00;SOR=0.550	GT:AD:DP:GQ:PL	0/0	0/0	0/1	0/0	0/0	0/0	0/0	0/0	0/0	0/1	0/0	0/0	0/0	0/0	2
6041	T176_L240.phylip_consensus_sequence	1852	.	A	C	92.47	MQfilter	AC=2;AF=1.00;AN=2;DP=26;ExcessHet=3.0103;FS=0.000;MLEAC=2;MLEAF=1.00;MQ=20.38;QD=30.82;SOR=2.833	GT:AD:DP:GQ:PL	./.	./.	./.	./.	./.	./.	./.	./.	./.	./.	./.	./.	./.	1/1	1
6185	T176_L242.phylip_consensus_sequence	1911	.	T	C	366.04	MQfilter	AC=3;AF=0.750;AN=4;BaseQRankSum=0.601;ClippingRankSum=0.00;DP=83;ExcessHet=3.0103;FS=0.000;MLEAC=3;MLEAF=0.750;MQ=25.51;MQRankSum=0.00;QD=24.40;ReadPosRankSum=-3.980e-01;SOR=1.473	GT:AD:DP:GQ:PL	./.	./.	./.	0/1	./.	./.	./.	./.	./.	1/1	./.	./.	./.	./.	2
6235	T176_L243.phylip_consensus_sequence	1310	.	T	C	84.96	MQfilter	AC=1;AF=0.500;AN=2;BaseQRankSum=-2.400e-01;ClippingRankSum=0.00;DP=150;ExcessHet=3.0103;FS=0.000;MLEAC=1;MLEAF=0.500;MQ=22.45;MQRankSum=0.00;QD=4.05;ReadPosRankSum=-2.640e+00;SOR=0.074	GT:AD:DP:GQ:PL	./.	./.	0/1	./.	./.	./.	./.	./.	./.	./.	./.	./.	./.	./.	1
6261	T176_L244.phylip_consensus_sequence	1669	.	G	A	891.96	MQfilter	AC=2;AF=1.00;AN=2;DP=99;ExcessHet=3.0103;FS=0.000;MLEAC=2;MLEAF=1.00;MQ=28.28;QD=30.71;SOR=4.804	GT:AD:DP:GQ:PL	./.	./.	./.	./.	./.	./.	./.	./.	./.	./.	1/1	./.	./.	./.	1
6369	T176_L246.phylip_consensus_sequence	870	.	G	T	47.5	QDfilter	AC=1;AF=0.036;AN=28;BaseQRankSum=-5.510e-01;ClippingRankSum=0.00;DP=912;ExcessHet=3.0103;FS=5.814;InbreedingCoeff=-0.0370;MLEAC=1;MLEAF=0.036;MQ=60.00;MQRankSum=0.00;QD=1.98;ReadPosRankSum=1.15;SOR=2.564	GT:AD:DP:GQ:PL	0/0	0/0	0/0	0/0	0/0	0/0	0/0	0/1	0/0	0/0	0/0	0/0	0/0	0/0	1
6436	T176_L248.phylip_consensus_sequence	2050	.	A	G	1051.85	MQfilter	AC=2;AF=0.077;AN=26;DP=389;ExcessHet=0.0955;FS=0.000;InbreedingCoeff=0.7672;MLEAC=2;MLEAF=0.077;MQ=33.79;QD=29.43;SOR=6.593	GT:AD:DP:GQ:PL	0/0	0/0	0/0	0/0	0/0	0/0	0/0	0/0	0/0	0/0	0/0	./.	0/0	1/1	1
6609	T176_L255.phylip_consensus_sequence	136	.	T	C	2289.91	MQfilter	AC=2;AF=0.077;AN=26;DP=548;ExcessHet=0.0877;FS=0.000;InbreedingCoeff=0.9667;MLEAC=2;MLEAF=0.077;MQ=34.95;QD=33.37;SOR=5.856	GT:AD:DP:GQ:PL	./.	0/0	0/0	0/0	0/0	0/0	0/0	0/0	0/0	0/0	0/0	0/0	0/0	1/1	1
6927	T176_L262.phylip_consensus_sequence	1760	.	T	G,A	1417.38	MQfilter	AC=3,1;AF=0.300,0.100;AN=10;BaseQRankSum=0.141;ClippingRankSum=0.00;DP=400;ExcessHet=0.1047;FS=0.000;MLEAC=3,1;MLEAF=0.300,0.100;MQ=21.84;MQRankSum=0.00;QD=32.21;ReadPosRankSum=-1.314e+00;SOR=1.938	GT:AD:DP:GQ:PL	./.	./.	./.	1/1	./.	./.	./.	./.	0/0	1/2	0/0	./.	./.	0/0	2
7508	T176_L277.phylip_consensus_sequence	1714	.	G	T	107.96	MQfilter	AC=1;AF=0.500;AN=2;BaseQRankSum=-1.368e+00;ClippingRankSum=0.00;DP=140;ExcessHet=3.0103;FS=0.000;MLEAC=1;MLEAF=0.500;MQ=13.42;MQRankSum=0.00;QD=15.42;ReadPosRankSum=-8.420e-01;SOR=0.941	GT:AD:DP:GQ:PL	./.	./.	./.	./.	./.	./.	./.	./.	./.	./.	./.	./.	./.	0/1	1
7521	T176_L278.phylip_consensus_sequence	198	.	C	A	12.75	QDfilter	AC=1;AF=0.036;AN=28;BaseQRankSum=1.97;ClippingRankSum=0.00;DP=771;ExcessHet=3.0103;FS=0.000;InbreedingCoeff=-0.0382;MLEAC=1;MLEAF=0.036;MQ=60.00;MQRankSum=0.00;QD=0.91;ReadPosRankSum=0.749;SOR=0.223	GT:AD:DP:GQ:PL	0/0	0/0	0/0	0/0	0/0	0/0	0/0	0/1	0/0	0/0	0/0	0/0	0/0	0/0	1
7556	T176_L278.phylip_consensus_sequence	1208	.	A	G	10.87	QDfilter	AC=1;AF=0.036;AN=28;BaseQRankSum=0.870;ClippingRankSum=0.00;DP=3001;ExcessHet=3.0103;FS=10.414;InbreedingCoeff=-0.0370;MLEAC=1;MLEAF=0.036;MQ=60.00;MQRankSum=0.00;QD=0.91;ReadPosRankSum=-7.670e-01;SOR=2.209	GT:AD:DP:GQ:PL	0/0	0/0	0/0	0/0	0/0	0/0	0/1	0/0	0/0	0/0	0/0	0/0	0/0	0/0	1
7712	T176_L281.phylip_consensus_sequence	85	.	C	T	867.64	MQfilter	AC=1;AF=0.083;AN=12;BaseQRankSum=-6.970e-01;ClippingRankSum=0.00;DP=412;ExcessHet=3.0103;FS=0.000;MLEAC=1;MLEAF=0.083;MQ=24.34;MQRankSum=0.00;QD=22.83;ReadPosRankSum=-1.790e-01;SOR=1.179	GT:AD:DP:GQ:PL	./.	0/0	0/1	0/0	./.	0/0	./.	./.	./.	./.	./.	0/0	./.	0/0	1
7713	T176_L281.phylip_consensus_sequence	86	.	T	C	185.58	MQfilter	AC=1;AF=0.100;AN=10;BaseQRankSum=0.089;ClippingRankSum=0.00;DP=412;ExcessHet=3.0103;FS=0.000;MLEAC=1;MLEAF=0.100;MQ=16.71;MQRankSum=0.00;QD=9.77;ReadPosRankSum=1.10;SOR=0.223	GT:AD:DP:GQ:PGT:PID:PL	./.	0/0	0/0	0/0	./.	0/1	./.	./.	./.	./.	./.	./.	./.	0/0	1
7714	T176_L281.phylip_consensus_sequence	90	.	G	A	1629.65	MQfilter	AC=2;AF=0.333;AN=6;DP=414;ExcessHet=0.4576;FS=0.000;MLEAC=3;MLEAF=0.500;MQ=20.60;QD=31.64;SOR=7.276	GT:AD:DP:GQ:PGT:PID:PL	./.	0/0	0/0	./.	./.	./.	./.	./.	./.	./.	./.	./.	./.	1/1	1
7715	T176_L281.phylip_consensus_sequence	96	.	C	T	511.17	MQfilter	AC=1;AF=0.250;AN=4;BaseQRankSum=-4.250e-01;ClippingRankSum=0.00;DP=420;ExcessHet=3.0103;FS=0.000;MLEAC=1;MLEAF=0.250;MQ=18.90;MQRankSum=0.00;QD=13.45;ReadPosRankSum=-4.490e-01;SOR=0.368	GT:AD:DP:GQ:PL	./.	./.	0/1	./.	./.	./.	./.	./.	./.	./.	./.	./.	./.	0/0	1
7755	T176_L281.phylip_consensus_sequence	1285	.	T	C	55.89	MQfilter	AC=2;AF=0.143;AN=14;DP=38;ExcessHet=0.1703;FS=0.000;MLEAC=1;MLEAF=0.071;MQ=37.95;QD=27.94;SOR=2.303	GT:AD:DP:GQ:PGT:PID:PL	0/0	0/0	0/0	0/0	./.	./.	./.	./.	./.	./.	0/0	./.	0/0	1/1	1
7759	T176_L282.phylip_consensus_sequence	29	.	C	T	595.99	MQfilter	AC=2;AF=0.091;AN=22;DP=146;ExcessHet=0.1047;FS=0.000;InbreedingCoeff=0.5221;MLEAC=2;MLEAF=0.091;MQ=35.86;QD=32.66;SOR=5.549	GT:AD:DP:GQ:PL	0/0	0/0	1/1	0/0	./.	0/0	0/0	./.	0/0	0/0	./.	0/0	0/0	0/0	1
7807	T176_L283.phylip_consensus_sequence	74	.	G	C	45.38	MQfilter	AC=2;AF=0.083;AN=24;DP=127;ExcessHet=0.0955;FS=0.000;InbreedingCoeff=0.6727;MLEAC=1;MLEAF=0.042;MQ=32.07;QD=22.69;SOR=2.303	GT:AD:DP:GQ:PL	0/0	0/0	./.	0/0	0/0	0/0	./.	0/0	0/0	0/0	0/0	0/0	0/0	1/1	1
7845	T176_L284.phylip_consensus_sequence	57	.	T	C	1260.02	MQfilter	AC=6;AF=0.500;AN=12;DP=149;ExcessHet=0.0473;FS=0.000;MLEAC=7;MLEAF=0.583;MQ=30.48;QD=29.05;SOR=6.439	GT:AD:DP:GQ:PGT:PID:PL	./.	./.	0/0	1/1	0/0	./.	./.	./.	./.	1/1	0/0	./.	./.	1/1	3
7890	T176_L284.phylip_consensus_sequence	1519	.	G	C	161.74	MQfilter	AC=1;AF=0.045;AN=22;BaseQRankSum=-2.870e-01;ClippingRankSum=0.00;DP=299;ExcessHet=3.2034;FS=0.000;InbreedingCoeff=-0.0914;MLEAC=1;MLEAF=0.045;MQ=39.28;MQRankSum=0.00;QD=17.97;ReadPosRankSum=1.38;SOR=1.609	GT:AD:DP:GQ:PL	0/0	0/0	0/0	0/0	0/0	0/0	./.	./.	0/0	0/1	0/0	0/0	0/0	./.	1
7945	T176_L285.phylip_consensus_sequence	1225	.	A	G,C	8241.28	MQfilter	AC=8,2;AF=0.500,0.125;AN=16;DP=892;ExcessHet=0.0152;FS=0.000;MLEAC=8,2;MLEAF=0.500,0.125;MQ=35.19;QD=31.56;SOR=0.784	GT:AD:DP:GQ:PGT:PID:PL	./.	0/0	0/0	1/1	0/0	./.	./.	./.	1/1	1/1	1/1	./.	./.	2/2	5
7946	T176_L285.phylip_consensus_sequence	1236	.	C	T	1810.3	MQfilter	AC=2;AF=0.250;AN=8;DP=886;ExcessHet=0.3218;FS=0.000;MLEAC=3;MLEAF=0.375;MQ=16.70;QD=28.95;SOR=0.741	GT:AD:DP:GQ:PGT:PID:PL	./.	0/0	0/0	./.	0/0	./.	./.	./.	./.	./.	./.	./.	./.	1/1	1
7958	T176_L285.phylip_consensus_sequence	1543	.	G	A	218.03	MQfilter	AC=2;AF=1.00;AN=2;DP=114;ExcessHet=3.0103;FS=0.000;MLEAC=2;MLEAF=1.00;MQ=13.76;QD=30.00;SOR=3.912	GT:AD:DP:GQ:PL	./.	./.	./.	./.	./.	./.	./.	./.	./.	./.	./.	./.	./.	1/1	1
7969	T176_L286.phylip_consensus_sequence	693	.	A	G	4357.86	MQfilter	AC=2;AF=0.077;AN=26;BaseQRankSum=-4.710e-01;ClippingRankSum=0.00;DP=884;ExcessHet=0.0877;FS=0.000;InbreedingCoeff=0.9916;MLEAC=2;MLEAF=0.077;MQ=33.83;MQRankSum=0.00;QD=30.21;ReadPosRankSum=-1.447e+00;SOR=0.769	GT:AD:DP:GQ:PGT:PID:PL	0/0	0/0	./.	0/0	0/0	0/0	0/0	0/0	0/0	0/0	0/0	0/0	0/0	1/1	1
8230	T176_L290.phylip_consensus_sequence	1742	.	C	A	66.93	MQfilter	AC=2;AF=1.00;AN=2;DP=83;ExcessHet=3.0103;FS=0.000;MLEAC=2;MLEAF=1.00;MQ=9.31;QD=33.47;SOR=2.303	GT:AD:DP:GQ:PGT:PID:PL	./.	./.	./.	./.	./.	./.	./.	1/1	./.	./.	./.	./.	./.	./.	1
8232	T176_L290.phylip_consensus_sequence	1748	.	T	G	441.58	MQfilter	AC=6;AF=0.750;AN=8;DP=61;ExcessHet=0.3218;FS=0.000;MLEAC=7;MLEAF=0.875;MQ=26.83;QD=27.03;SOR=3.611	GT:AD:DP:GQ:PL	./.	./.	./.	1/1	1/1	./.	./.	./.	./.	1/1	./.	./.	./.	0/0	3
8358	T176_L294.phylip_consensus_sequence	80	.	G	A	429.88	MQfilter	AC=2;AF=0.091;AN=22;DP=195;ExcessHet=0.1047;FS=0.000;InbreedingCoeff=0.6603;MLEAC=2;MLEAF=0.091;MQ=34.64;QD=33.01;SOR=4.977	GT:AD:DP:GQ:PL	0/0	0/0	./.	./.	0/0	0/0	0/0	0/0	./.	0/0	0/0	0/0	0/0	1/1	1
8379	T176_L294.phylip_consensus_sequence	1034	.	G	A	16.59	QDfilter	AC=1;AF=0.036;AN=28;BaseQRankSum=-3.980e-01;ClippingRankSum=0.00;DP=1598;ExcessHet=3.0103;FS=0.000;InbreedingCoeff=-0.0370;MLEAC=1;MLEAF=0.036;MQ=60.00;MQRankSum=0.00;QD=1.51;ReadPosRankSum=0.660;SOR=0.368	GT:AD:DP:GQ:PGT:PID:PL	0/0	0/0	0/0	0/0	0/0	0/0	0/1	0/0	0/0	0/0	0/0	0/0	0/0	0/0	1
8385	T176_L294.phylip_consensus_sequence	1435	.	G	A	39.5	QDfilter	AC=1;AF=0.036;AN=28;BaseQRankSum=1.19;ClippingRankSum=0.00;DP=1885;ExcessHet=3.0103;FS=13.424;InbreedingCoeff=-0.0370;MLEAC=1;MLEAF=0.036;MQ=60.00;MQRankSum=0.00;QD=1.13;ReadPosRankSum=0.987;SOR=3.240	GT:AD:DP:GQ:PGT:PID:PL	0/0	0/0	0/0	0/0	0/0	0/0	0/0	0/1	0/0	0/0	0/0	0/0	0/0	0/0	1
8386	T176_L294.phylip_consensus_sequence	1436	.	C	A	39.5	QDfilter	AC=1;AF=0.036;AN=28;BaseQRankSum=0.714;ClippingRankSum=0.00;DP=1885;ExcessHet=3.0103;FS=13.424;InbreedingCoeff=-0.0370;MLEAC=1;MLEAF=0.036;MQ=60.00;MQRankSum=0.00;QD=1.13;ReadPosRankSum=1.08;SOR=3.240	GT:AD:DP:GQ:PGT:PID:PL	0/0	0/0	0/0	0/0	0/0	0/0	0/0	0/1	0/0	0/0	0/0	0/0	0/0	0/0	1
8406	T176_L295.phylip_consensus_sequence	70	.	C	T	255.65	MQfilter	AC=2;AF=0.077;AN=26;DP=349;ExcessHet=0.0877;FS=0.000;InbreedingCoeff=0.5262;MLEAC=2;MLEAF=0.077;MQ=30.55;QD=31.43;SOR=4.174	GT:AD:DP:GQ:PL	0/0	0/0	0/0	0/0	1/1	0/0	0/0	0/0	0/0	0/0	0/0	0/0	./.	0/0	1
8408	T176_L295.phylip_consensus_sequence	80	.	A	AG	59.7	QDfilter	AC=2;AF=0.200;AN=10;BaseQRankSum=0.647;ClippingRankSum=0.00;DP=380;ExcessHet=3.5218;FS=0.000;MLEAC=2;MLEAF=0.200;MQ=36.70;MQRankSum=0.00;QD=0.67;ReadPosRankSum=-6.220e-01;SOR=0.127	GT:AD:DP:GQ:PL	0/1	./.	0/1	0/0	0/0	./.	./.	./.	./.	./.	0/0	./.	./.	./.	2
8431	T176_L295.phylip_consensus_sequence	309	.	G	C	15780.55	MQfilter	AC=2;AF=0.083;AN=24;BaseQRankSum=-1.000e-02;ClippingRankSum=0.00;DP=2446;ExcessHet=0.0955;FS=0.000;InbreedingCoeff=0.9999;MLEAC=2;MLEAF=0.083;MQ=34.17;MQRankSum=0.00;QD=29.77;ReadPosRankSum=-5.710e-01;SOR=0.313	GT:AD:DP:GQ:PGT:PID:PL	0/0	0/0	./.	0/0	./.	0/0	0/0	0/0	0/0	0/0	0/0	0/0	0/0	1/1	1
8457	T176_L296.phylip_consensus_sequence	28	.	C	T	165.42	QDfilter	AC=4;AF=0.143;AN=28;BaseQRankSum=-1.787e+00;ClippingRankSum=0.00;DP=785;ExcessHet=7.3261;FS=1.558;InbreedingCoeff=-0.2495;MLEAC=4;MLEAF=0.143;MQ=79.25;MQRankSum=-2.179e+00;QD=0.71;ReadPosRankSum=1.32;SOR=0.904	GT:AD:DP:GQ:PL	0/0	0/0	0/0	0/1	0/1	0/0	0/0	0/0	0/0	0/1	0/1	0/0	0/0	0/0	4
8458	T176_L296.phylip_consensus_sequence	30	.	A	G	13.38	QDfilter	AC=2;AF=0.071;AN=28;BaseQRankSum=-4.700e-01;ClippingRankSum=0.00;DP=747;ExcessHet=3.9266;FS=1.457;InbreedingCoeff=-0.1205;MLEAC=2;MLEAF=0.071;MQ=139.75;MQRankSum=0.453;QD=0.27;ReadPosRankSum=1.15;SOR=0.317	GT:AD:DP:GQ:PGT:PID:PL	0/0	0/0	0/0	0/0	0/0	0/0	0/0	0/0	0/0	0/1	0/0	0/0	0/0	0/1	2
8581	T176_L298.phylip_consensus_sequence	330	.	G	A	1614.39	MQfilter	AC=1;AF=0.050;AN=20;BaseQRankSum=2.17;ClippingRankSum=0.00;DP=875;ExcessHet=3.0103;FS=6.172;InbreedingCoeff=-0.1173;MLEAC=1;MLEAF=0.050;MQ=39.80;MQRankSum=0.00;QD=13.34;ReadPosRankSum=-9.310e-01;SOR=1.305	GT:AD:DP:GQ:PL	0/1	0/0	./.	./.	0/0	0/0	0/0	0/0	./.	./.	0/0	0/0	0/0	0/0	1
8632	T176_L299.phylip_consensus_sequence	112	.	C	G	2355.96	MQfilter	AC=2;AF=1.00;AN=2;DP=340;ExcessHet=3.0103;FS=0.000;MLEAC=2;MLEAF=1.00;MQ=23.69;QD=26.39;SOR=3.300	GT:AD:DP:GQ:PGT:PID:PL	./.	1/1	./.	./.	./.	./.	./.	./.	./.	./.	./.	./.	./.	./.	1
8710	T176_L3.phylip_consensus_sequence	1398	.	T	C	10555.51	MQfilter	AC=4;AF=0.500;AN=8;BaseQRankSum=2.05;ClippingRankSum=0.00;DP=1264;ExcessHet=0.1902;FS=6.666;MLEAC=4;MLEAF=0.500;MQ=33.95;MQRankSum=0.00;QD=29.56;ReadPosRankSum=-3.410e-01;SOR=1.795	GT:AD:DP:GQ:PGT:PID:PL	0/0	./.	1/1	./.	1/1	./.	./.	./.	./.	./.	./.	./.	0/0	./.	2
8711	T176_L3.phylip_consensus_sequence	1400	.	A	G	10555.51	MQfilter	AC=4;AF=0.500;AN=8;BaseQRankSum=1.26;ClippingRankSum=0.00;DP=1262;ExcessHet=0.1902;FS=6.709;MLEAC=4;MLEAF=0.500;MQ=33.85;MQRankSum=0.00;QD=26.45;ReadPosRankSum=-2.470e-01;SOR=1.810	GT:AD:DP:GQ:PGT:PID:PL	0/0	./.	1/1	./.	1/1	./.	./.	./.	./.	./.	./.	./.	0/0	./.	2
8919	T176_L303.phylip_consensus_sequence	26	.	G	A	769.66	MQfilter	AC=4;AF=0.500;AN=8;DP=128;ExcessHet=0.1902;FS=0.000;MLEAC=4;MLEAF=0.500;MQ=25.58;QD=30.84;SOR=5.892	GT:AD:DP:GQ:PGT:PID:PL	./.	./.	0/0	1/1	0/0	./.	./.	./.	./.	./.	./.	./.	1/1	./.	2
8993	T176_L304.phylip_consensus_sequence	1820	.	A	C	105.47	MQfilter	AC=2;AF=1.00;AN=2;DP=107;ExcessHet=3.0103;FS=0.000;MLEAC=2;MLEAF=1.00;MQ=10.05;QD=29.38;SOR=2.833	GT:AD:DP:GQ:PL	./.	./.	./.	./.	./.	./.	./.	./.	./.	./.	./.	./.	./.	1/1	1
9029	T176_L306.phylip_consensus_sequence	54	.	T	G	16.2	QDfilter	AC=1;AF=0.036;AN=28;BaseQRankSum=-2.010e+00;ClippingRankSum=0.00;DP=178;ExcessHet=3.0103;FS=0.000;InbreedingCoeff=-0.0612;MLEAC=1;MLEAF=0.036;MQ=60.00;MQRankSum=0.00;QD=1.62;ReadPosRankSum=-2.287e+00;SOR=0.105	GT:AD:DP:GQ:PL	0/0	0/0	0/0	0/0	0/0	0/0	0/0	0/1	0/0	0/0	0/0	0/0	0/0	0/0	1
9042	T176_L306.phylip_consensus_sequence	398	.	G	T	477.5	QDfilter	AC=1;AF=0.036;AN=28;BaseQRankSum=0.733;ClippingRankSum=0.00;DP=1482;ExcessHet=3.0103;FS=0.000;InbreedingCoeff=-0.0370;MLEAC=1;MLEAF=0.036;MQ=60.00;MQRankSum=0.00;QD=1.50;ReadPosRankSum=0.628;SOR=0.712	GT:AD:DP:GQ:PL	0/0	0/0	0/0	0/1	0/0	0/0	0/0	0/0	0/0	0/0	0/0	0/0	0/0	0/0	1
9045	T176_L306.phylip_consensus_sequence	463	.	G	A	548.5	QDfilter	AC=1;AF=0.036;AN=28;BaseQRankSum=-2.900e-01;ClippingRankSum=0.00;DP=1825;ExcessHet=3.0103;FS=0.000;InbreedingCoeff=-0.0370;MLEAC=1;MLEAF=0.036;MQ=60.00;MQRankSum=0.00;QD=1.62;ReadPosRankSum=1.19;SOR=0.723	GT:AD:DP:GQ:PL	0/0	0/0	0/0	0/1	0/0	0/0	0/0	0/0	0/0	0/0	0/0	0/0	0/0	0/0	1
9057	T176_L306.phylip_consensus_sequence	652	.	G	A	305.5	QDfilter	AC=1;AF=0.036;AN=28;BaseQRankSum=0.555;ClippingRankSum=0.00;DP=4969;ExcessHet=3.0103;FS=0.804;InbreedingCoeff=-0.0370;MLEAC=1;MLEAF=0.036;MQ=60.00;MQRankSum=0.00;QD=1.75;ReadPosRankSum=-1.565e+00;SOR=0.780	GT:AD:DP:GQ:PL	0/0	0/0	0/0	0/0	0/0	0/0	0/0	0/0	0/1	0/0	0/0	0/0	0/0	0/0	1
9064	T176_L306.phylip_consensus_sequence	796	.	C	T	118.5	QDfilter	AC=1;AF=0.036;AN=28;BaseQRankSum=2.16;ClippingRankSum=0.00;DP=3681;ExcessHet=3.0103;FS=14.664;InbreedingCoeff=-0.0370;MLEAC=1;MLEAF=0.036;MQ=60.00;MQRankSum=0.00;QD=0.88;ReadPosRankSum=-1.790e-01;SOR=2.876	GT:AD:DP:GQ:PL	0/0	0/0	0/0	0/0	0/0	0/0	0/0	0/0	0/1	0/0	0/0	0/0	0/0	0/0	1
9087	T176_L306.phylip_consensus_sequence	1222	.	G	A	882.5	QDfilter	AC=1;AF=0.036;AN=28;BaseQRankSum=0.627;ClippingRankSum=0.00;DP=3667;ExcessHet=3.0103;FS=1.771;InbreedingCoeff=-0.0370;MLEAC=1;MLEAF=0.036;MQ=60.00;MQRankSum=0.00;QD=1.35;ReadPosRankSum=-2.640e-01;SOR=0.914	GT:AD:DP:GQ:PL	0/0	0/0	0/0	0/1	0/0	0/0	0/0	0/0	0/0	0/0	0/0	0/0	0/0	0/0	1
9098	T176_L306.phylip_consensus_sequence	1441	.	G	A	278.5	QDfilter	AC=1;AF=0.036;AN=28;BaseQRankSum=-5.760e-01;ClippingRankSum=0.00;DP=5895;ExcessHet=3.0103;FS=0.929;InbreedingCoeff=-0.0370;MLEAC=1;MLEAF=0.036;MQ=60.00;MQRankSum=0.00;QD=0.25;ReadPosRankSum=-6.380e-01;SOR=0.831	GT:AD:DP:GQ:PL	0/0	0/0	0/0	0/0	0/0	0/0	0/0	0/0	0/0	0/1	0/0	0/0	0/0	0/0	1
9099	T176_L306.phylip_consensus_sequence	1446	.	A	G	576.5	QDfilter	AC=1;AF=0.036;AN=28;BaseQRankSum=0.391;ClippingRankSum=0.00;DP=6833;ExcessHet=3.0103;FS=0.000;InbreedingCoeff=-0.0370;MLEAC=1;MLEAF=0.036;MQ=60.00;MQRankSum=0.00;QD=0.37;ReadPosRankSum=0.975;SOR=0.609	GT:AD:DP:GQ:PL	0/0	0/0	0/0	0/1	0/0	0/0	0/0	0/0	0/0	0/0	0/0	0/0	0/0	0/0	1
9101	T176_L306.phylip_consensus_sequence	1481	.	T	C	2037.2	QDfilter	AC=2;AF=0.071;AN=28;BaseQRankSum=-2.833e+00;ClippingRankSum=0.00;DP=6975;ExcessHet=3.1742;FS=0.753;InbreedingCoeff=-0.0769;MLEAC=2;MLEAF=0.071;MQ=60.00;MQRankSum=0.00;QD=1.54;ReadPosRankSum=-5.050e-01;SOR=0.606	GT:AD:DP:GQ:PL	0/0	0/0	0/0	0/0	0/0	0/0	0/0	0/1	0/0	0/1	0/0	0/0	0/0	0/0	2
9103	T176_L306.phylip_consensus_sequence	1514	.	C	T	969.2	QDfilter	AC=2;AF=0.071;AN=28;BaseQRankSum=1.51;ClippingRankSum=0.00;DP=7155;ExcessHet=3.1742;FS=0.000;InbreedingCoeff=-0.0769;MLEAC=2;MLEAF=0.071;MQ=60.00;MQRankSum=0.00;QD=0.33;ReadPosRankSum=3.43;SOR=0.662	GT:AD:DP:GQ:PL	0/0	0/0	0/0	0/1	0/0	0/0	0/0	0/0	0/0	0/1	0/0	0/0	0/0	0/0	2
9130	T176_L307.phylip_consensus_sequence	223	.	G	GTGCACCA	73.38	QDfilter	AC=1;AF=0.036;AN=28;BaseQRankSum=1.79;ClippingRankSum=0.00;DP=538;ExcessHet=7.4564;FS=0.000;InbreedingCoeff=-0.2363;MLEAC=2;MLEAF=0.071;MQ=60.00;MQRankSum=0.00;QD=1.44;ReadPosRankSum=-2.050e-01;SOR=0.023	GT:AD:DP:GQ:PL	0/0	0/0	0/0	0/1	0/0	0/0	0/0	0/0	0/0	0/0	0/0	0/0	0/0	0/0	1
9132	T176_L307.phylip_consensus_sequence	254	.	G	A	70.66	QDfilter	AC=1;AF=0.036;AN=28;BaseQRankSum=2.77;ClippingRankSum=0.00;DP=764;ExcessHet=3.0103;FS=10.442;InbreedingCoeff=-0.0450;MLEAC=1;MLEAF=0.036;MQ=60.00;MQRankSum=0.00;QD=1.04;ReadPosRankSum=-1.948e+00;SOR=2.967	GT:AD:DP:GQ:PL	0/0	0/0	0/1	0/0	0/0	0/0	0/0	0/0	0/0	0/0	0/0	0/0	0/0	0/0	1
9151	T176_L307.phylip_consensus_sequence	435	.	TACCGAC	T	179.49	QDfilter	AC=1;AF=0.036;AN=28;BaseQRankSum=2.82;ClippingRankSum=0.00;DP=2832;ExcessHet=3.0103;FS=1.952;InbreedingCoeff=-0.0393;MLEAC=1;MLEAF=0.036;MQ=60.00;MQRankSum=0.00;QD=0.87;ReadPosRankSum=-8.700e-01;SOR=0.943	GT:AD:DP:GQ:PL	0/0	0/0	0/0	0/0	0/0	0/0	0/0	0/0	0/0	0/0	0/0	0/0	0/1	0/0	1
9153	T176_L307.phylip_consensus_sequence	459	.	C	T	1082.27	QDfilter	AC=2;AF=0.071;AN=28;BaseQRankSum=0.336;ClippingRankSum=0.00;DP=2655;ExcessHet=3.1742;FS=5.317;InbreedingCoeff=-0.0794;MLEAC=2;MLEAF=0.071;MQ=60.00;MQRankSum=0.00;QD=1.89;ReadPosRankSum=0.818;SOR=1.197	GT:AD:DP:GQ:PL	0/0	0/0	0/0	0/1	0/0	0/0	0/0	0/0	0/0	0/0	0/1	0/0	0/0	0/0	2
9155	T176_L307.phylip_consensus_sequence	471	.	C	T	534.58	QDfilter	AC=1;AF=0.036;AN=28;BaseQRankSum=2.07;ClippingRankSum=0.00;DP=2549;ExcessHet=3.0103;FS=9.269;InbreedingCoeff=-0.0414;MLEAC=1;MLEAF=0.036;MQ=60.00;MQRankSum=0.00;QD=1.33;ReadPosRankSum=-2.091e+00;SOR=0.187	GT:AD:DP:GQ:PL	0/0	0/0	0/1	0/0	0/0	0/0	0/0	0/0	0/0	0/0	0/0	0/0	0/0	0/0	1
9156	T176_L307.phylip_consensus_sequence	480	.	C	T	42.58	QDfilter	AC=1;AF=0.036;AN=28;BaseQRankSum=1.39;ClippingRankSum=0.00;DP=2551;ExcessHet=3.0103;FS=7.584;InbreedingCoeff=-0.0414;MLEAC=1;MLEAF=0.036;MQ=60.00;MQRankSum=0.00;QD=0.25;ReadPosRankSum=-1.948e+00;SOR=1.761	GT:AD:DP:GQ:PL	0/0	0/0	0/0	0/0	0/0	0/0	0/0	0/0	0/0	0/0	0/0	0/0	0/1	0/0	1
9158	T176_L307.phylip_consensus_sequence	505	.	C	T	826.33	QDfilter	AC=2;AF=0.071;AN=28;BaseQRankSum=5.17;ClippingRankSum=0.00;DP=2203;ExcessHet=3.1742;FS=18.681;InbreedingCoeff=-0.0816;MLEAC=2;MLEAF=0.071;MQ=60.00;MQRankSum=0.00;QD=1.98;ReadPosRankSum=-1.518e+00;SOR=2.561	GT:AD:DP:GQ:PL	0/0	0/0	0/0	0/0	0/0	0/1	0/0	0/0	0/0	0/0	0/0	0/1	0/0	0/0	2
9192	T176_L307.phylip_consensus_sequence	1893	.	C	T	91.47	MQfilter	AC=2;AF=1.00;AN=2;DP=66;ExcessHet=3.0103;FS=0.000;MLEAC=2;MLEAF=1.00;MQ=12.79;QD=30.49;SOR=2.833	GT:AD:DP:GQ:PL	./.	./.	./.	./.	1/1	./.	./.	./.	./.	./.	./.	./.	./.	./.	1
9222	T176_L308.phylip_consensus_sequence	1307	.	C	T	16.66	QDfilter	AC=1;AF=0.036;AN=28;BaseQRankSum=-2.148e+00;ClippingRankSum=0.00;DP=262;ExcessHet=3.1627;FS=8.129;InbreedingCoeff=-0.0793;MLEAC=1;MLEAF=0.036;MQ=60.00;MQRankSum=0.00;QD=1.28;ReadPosRankSum=1.40;SOR=0.007	GT:AD:DP:GQ:PGT:PID:PL	0/0	0/0	0/0	0/0	0/0	0/1	0/0	0/0	0/0	0/0	0/0	0/0	0/0	0/0	1
9223	T176_L308.phylip_consensus_sequence	1308	.	A	G	20.39	QDfilter	AC=1;AF=0.036;AN=28;BaseQRankSum=-2.138e+00;ClippingRankSum=0.00;DP=262;ExcessHet=5.7494;FS=8.129;InbreedingCoeff=-0.1882;MLEAC=1;MLEAF=0.036;MQ=60.00;MQRankSum=0.00;QD=1.57;ReadPosRankSum=1.40;SOR=0.007	GT:AD:DP:GQ:PGT:PID:PL	0/0	0/0	0/0	0/0	0/0	0/1	0/0	0/0	0/0	0/0	0/0	0/0	0/0	0/0	1
9225	T176_L308.phylip_consensus_sequence	1318	.	T	A	399.57	MQfilter	AC=2;AF=0.091;AN=22;DP=199;ExcessHet=0.1047;FS=0.000;InbreedingCoeff=0.7089;MLEAC=2;MLEAF=0.091;MQ=38.93;QD=25.73;SOR=4.407	GT:AD:DP:GQ:PGT:PID:PL	0/0	./.	0/0	0/0	0/0	./.	./.	0/0	0/0	0/0	0/0	0/0	0/0	1/1	1
9226	T176_L308.phylip_consensus_sequence	1322	.	A	G	50.96	MQfilter	AC=1;AF=0.500;AN=2;BaseQRankSum=1.38;ClippingRankSum=0.00;DP=147;ExcessHet=3.0103;FS=0.000;MLEAC=1;MLEAF=0.500;MQ=9.90;MQRankSum=0.00;QD=12.74;ReadPosRankSum=1.38;SOR=0.693	GT:AD:DP:GQ:PGT:PID:PL	./.	0/1	./.	./.	./.	./.	./.	./.	./.	./.	./.	./.	./.	./.	1
9230	T176_L309.phylip_consensus_sequence	68	.	A	C	766.96	MQfilter	AC=1;AF=0.500;AN=2;BaseQRankSum=-1.012e+00;ClippingRankSum=0.00;DP=261;ExcessHet=3.0103;FS=0.000;MLEAC=1;MLEAF=0.500;MQ=25.19;MQRankSum=0.00;QD=16.67;ReadPosRankSum=-8.190e-01;SOR=0.540	GT:AD:DP:GQ:PGT:PID:PL	./.	./.	0/1	./.	./.	./.	./.	./.	./.	./.	./.	./.	./.	./.	1
9276	T176_L309.phylip_consensus_sequence	2056	.	T	C	96.96	MQfilter	AC=1;AF=0.500;AN=2;BaseQRankSum=0.319;ClippingRankSum=0.00;DP=29;ExcessHet=3.0103;FS=0.000;MLEAC=1;MLEAF=0.500;MQ=22.28;MQRankSum=0.00;QD=24.24;ReadPosRankSum=1.15;SOR=1.609	GT:AD:DP:GQ:PGT:PID:PL	./.	./.	0/1	./.	./.	./.	./.	./.	./.	./.	./.	./.	./.	./.	1
9278	T176_L309.phylip_consensus_sequence	2062	.	A	T	109.47	MQfilter	AC=2;AF=1.00;AN=2;DP=25;ExcessHet=3.0103;FS=0.000;MLEAC=2;MLEAF=1.00;MQ=16.97;QD=28.96;SOR=2.303	GT:AD:DP:GQ:PGT:PID:PL	./.	./.	1/1	./.	./.	./.	./.	./.	./.	./.	./.	./.	./.	./.	1
9279	T176_L309.phylip_consensus_sequence	2073	.	T	C	146.29	MQfilter	AC=2;AF=0.250;AN=8;DP=17;ExcessHet=0.3218;FS=0.000;MLEAC=2;MLEAF=0.250;MQ=36.74;QD=23.84;SOR=2.833	GT:AD:DP:GQ:PGT:PID:PL	1/1	./.	./.	./.	./.	./.	./.	./.	./.	./.	0/0	0/0	0/0	./.	1
9482	T176_L314.phylip_consensus_sequence	1746	.	T	A	134.97	MQfilter	AC=1;AF=0.100;AN=10;BaseQRankSum=-5.710e-01;ClippingRankSum=0.00;DP=360;ExcessHet=3.0103;FS=0.000;MLEAC=1;MLEAF=0.100;MQ=15.89;MQRankSum=0.00;QD=9.00;ReadPosRankSum=-1.531e+00;SOR=0.260	GT:AD:DP:GQ:PL	./.	./.	./.	0/0	./.	0/0	./.	./.	./.	0/1	0/0	0/0	./.	./.	1
9485	T176_L314.phylip_consensus_sequence	1754	.	T	C	1519.89	MQfilter	AC=4;AF=0.182;AN=22;BaseQRankSum=0.337;ClippingRankSum=0.00;DP=274;ExcessHet=0.0164;FS=0.000;InbreedingCoeff=0.9896;MLEAC=4;MLEAF=0.182;MQ=38.96;MQRankSum=0.00;QD=24.27;ReadPosRankSum=-7.330e-01;SOR=5.283	GT:AD:DP:GQ:PL	0/0	0/0	0/0	0/0	./.	1/1	0/0	0/0	./.	0/0	./.	1/1	0/0	0/0	2
9514	T176_L315.phylip_consensus_sequence	498	.	G	T	11.83	QDfilter	AC=1;AF=0.036;AN=28;BaseQRankSum=0.047;ClippingRankSum=0.00;DP=1861;ExcessHet=3.0103;FS=0.000;InbreedingCoeff=-0.0393;MLEAC=1;MLEAF=0.036;MQ=60.00;MQRankSum=0.00;QD=0.49;ReadPosRankSum=-1.667e+00;SOR=0.307	GT:AD:DP:GQ:PL	0/0	0/0	0/0	0/0	0/0	0/0	0/0	0/1	0/0	0/0	0/0	0/0	0/0	0/0	1
9536	T176_L315.phylip_consensus_sequence	926	.	A	C	196.43	MQfilter	AC=2;AF=0.500;AN=4;DP=201;ExcessHet=0.7918;FS=0.000;MLEAC=3;MLEAF=0.750;MQ=10.26;QD=26.44;SOR=1.022	GT:AD:DP:GQ:PGT:PID:PL	./.	0/0	./.	./.	./.	./.	./.	./.	./.	./.	./.	./.	./.	1/1	1
9562	T176_L316.phylip_consensus_sequence	1343	.	C	A	15.62	QDfilter	AC=1;AF=0.036;AN=28;BaseQRankSum=-2.439e+00;ClippingRankSum=0.00;DP=3687;ExcessHet=3.0103;FS=2.187;InbreedingCoeff=-0.0370;MLEAC=1;MLEAF=0.036;MQ=60.00;MQRankSum=0.00;QD=0.98;ReadPosRankSum=-5.750e-01;SOR=0.269	GT:AD:DP:GQ:PL	0/0	0/0	0/0	0/0	0/0	0/0	0/1	0/0	0/0	0/0	0/0	0/0	0/0	0/0	1
9577	T176_L316.phylip_consensus_sequence	1932	.	C	A	193.03	MQfilter	AC=2;AF=1.00;AN=2;DP=59;ExcessHet=3.0103;FS=0.000;MLEAC=2;MLEAF=1.00;MQ=19.13;QD=32.17;SOR=2.303	GT:AD:DP:GQ:PL	./.	./.	./.	./.	./.	./.	./.	./.	./.	./.	./.	./.	./.	1/1	1
9581	T176_L317.phylip_consensus_sequence	109	.	G	A	602.93	MQfilter	AC=1;AF=0.063;AN=16;BaseQRankSum=-3.157e+00;ClippingRankSum=0.00;DP=479;ExcessHet=3.0103;FS=0.000;MLEAC=1;MLEAF=0.063;MQ=34.03;MQRankSum=0.00;QD=16.30;ReadPosRankSum=-1.203e+00;SOR=0.643	GT:AD:DP:GQ:PL	0/0	0/0	0/0	./.	./.	0/1	./.	./.	./.	./.	0/0	0/0	0/0	0/0	1
9582	T176_L317.phylip_consensus_sequence	119	.	A	C	1764.2	MQfilter	AC=2;AF=0.333;AN=6;DP=537;ExcessHet=0.4576;FS=0.000;MLEAC=2;MLEAF=0.333;MQ=17.58;QD=29.67;SOR=7.428	GT:AD:DP:GQ:PGT:PID:PL	./.	./.	./.	1/1	./.	0/0	./.	./.	./.	./.	./.	0/0	./.	./.	1
9615	T176_L318.phylip_consensus_sequence	16	.	G	T	49.57	MQfilter	AC=2;AF=0.091;AN=22;DP=76;ExcessHet=0.1047;FS=0.000;InbreedingCoeff=0.3473;MLEAC=1;MLEAF=0.045;MQ=25.58;QD=24.79;SOR=2.303	GT:AD:DP:GQ:PL	0/0	0/0	./.	0/0	./.	0/0	0/0	0/0	./.	0/0	0/0	0/0	0/0	1/1	1
9618	T176_L318.phylip_consensus_sequence	32	.	C	T	114.75	MQfilter	AC=2;AF=0.125;AN=16;DP=91;ExcessHet=0.1472;FS=0.000;MLEAC=2;MLEAF=0.125;MQ=17.89;QD=28.69;SOR=3.258	GT:AD:DP:GQ:PL	0/0	0/0	./.	0/0	./.	0/0	0/0	0/0	./.	0/0	./.	./.	./.	1/1	1
9620	T176_L318.phylip_consensus_sequence	40	.	A	C	314.33	MQfilter	AC=1;AF=0.071;AN=14;BaseQRankSum=-2.680e-01;ClippingRankSum=0.00;DP=107;ExcessHet=3.0103;FS=0.000;MLEAC=1;MLEAF=0.071;MQ=28.60;MQRankSum=0.00;QD=20.96;ReadPosRankSum=2.09;SOR=1.112	GT:AD:DP:GQ:PL	0/0	0/0	0/1	0/0	./.	./.	0/0	0/0	./.	0/0	./.	./.	./.	./.	1
9668	T176_L318.phylip_consensus_sequence	2163	.	GAGA	G	276.54	QDfilter	AC=3;AF=0.300;AN=10;BaseQRankSum=0.589;ClippingRankSum=0.00;DP=1207;ExcessHet=4.7712;FS=4.317;MLEAC=3;MLEAF=0.300;MQ=40.49;MQRankSum=0.00;QD=0.89;ReadPosRankSum=0.352;SOR=1.012	GT:AD:DP:GQ:PL	./.	./.	./.	./.	0/0	0/1	./.	./.	./.	0/1	0/1	0/0	./.	./.	3
9813	T176_L320.phylip_consensus_sequence	1635	.	G	T	15.62	QDfilter	AC=1;AF=0.036;AN=28;BaseQRankSum=-2.300e-02;ClippingRankSum=0.00;DP=535;ExcessHet=3.0103;FS=0.000;InbreedingCoeff=-0.0370;MLEAC=1;MLEAF=0.036;MQ=60.00;MQRankSum=0.00;QD=1.42;ReadPosRankSum=-9.430e-01;SOR=0.086	GT:AD:DP:GQ:PL	0/0	0/0	0/0	0/0	0/0	0/0	0/1	0/0	0/0	0/0	0/0	0/0	0/0	0/0	1
9859	T176_L321.phylip_consensus_sequence	1585	.	G	A	3699.17	MQfilter	AC=1;AF=0.250;AN=4;BaseQRankSum=1.19;ClippingRankSum=0.00;DP=1619;ExcessHet=3.0103;FS=3.832;MLEAC=1;MLEAF=0.250;MQ=22.14;MQRankSum=0.00;QD=28.02;ReadPosRankSum=-3.990e-01;SOR=1.342	GT:AD:DP:GQ:PL	./.	./.	0/0	./.	./.	./.	./.	./.	./.	./.	./.	./.	./.	0/1	1
9989	T176_L323.phylip_consensus_sequence	1604	.	G	A	131.04	MQfilter	AC=1;AF=0.500;AN=2;BaseQRankSum=0.210;ClippingRankSum=0.00;DP=94;ExcessHet=3.0103;FS=0.000;MLEAC=1;MLEAF=0.500;MQ=15.16;MQRankSum=0.00;QD=21.84;ReadPosRankSum=1.38;SOR=2.303	GT:AD:DP:GQ:PL	./.	./.	./.	./.	0/1	./.	./.	./.	./.	./.	./.	./.	./.	./.	1
10045	T176_L325.phylip_consensus_sequence	601	.	G	A	14.13	MQfilter;QDfilter	AC=1;AF=0.500;AN=2;BaseQRankSum=-7.660e-01;ClippingRankSum=0.00;DP=83;ExcessHet=3.0103;FS=0.000;MLEAC=1;MLEAF=0.500;MQ=24.64;MQRankSum=0.00;QD=1.01;ReadPosRankSum=-6.360e-01;SOR=0.223	GT:AD:DP:GQ:PL	0/1	./.	./.	./.	./.	./.	./.	./.	./.	./.	./.	./.	./.	./.	1
10178	T176_L33.phylip_consensus_sequence	118	.	T	C	1516.51	MQfilter	AC=5;AF=0.833;AN=6;DP=142;ExcessHet=3.0103;FS=0.000;MLEAC=6;MLEAF=1.00;MQ=29.49;QD=32.04;SOR=5.728	GT:AD:DP:GQ:PGT:PID:PL	./.	./.	./.	1/1	./.	./.	./.	./.	./.	./.	1/1	./.	0/1	./.	3
10190	T176_L33.phylip_consensus_sequence	222	.	C	T	287.58	QDfilter	AC=1;AF=0.036;AN=28;BaseQRankSum=1.88;ClippingRankSum=0.00;DP=2486;ExcessHet=3.0103;FS=0.000;InbreedingCoeff=-0.0413;MLEAC=1;MLEAF=0.036;MQ=60.00;MQRankSum=0.00;QD=1.18;ReadPosRankSum=1.29;SOR=0.645	GT:AD:DP:GQ:PL	0/0	0/0	0/1	0/0	0/0	0/0	0/0	0/0	0/0	0/0	0/0	0/0	0/0	0/0	1
10191	T176_L33.phylip_consensus_sequence	223	.	C	T	94.66	QDfilter	AC=1;AF=0.036;AN=28;BaseQRankSum=1.14;ClippingRankSum=0.00;DP=2502;ExcessHet=3.0103;FS=0.000;InbreedingCoeff=-0.0448;MLEAC=1;MLEAF=0.036;MQ=60.00;MQRankSum=0.00;QD=0.54;ReadPosRankSum=3.00;SOR=0.593	GT:AD:DP:GQ:PL	0/0	0/0	0/0	0/0	0/1	0/0	0/0	0/0	0/0	0/0	0/0	0/0	0/0	0/0	1
10249	T176_L33.phylip_consensus_sequence	699	.	G	A	19.55	QDfilter	AC=1;AF=0.036;AN=28;BaseQRankSum=1.16;ClippingRankSum=0.00;DP=10681;ExcessHet=3.0103;FS=3.522;InbreedingCoeff=-0.0370;MLEAC=1;MLEAF=0.036;MQ=60.00;MQRankSum=0.00;QD=1.95;ReadPosRankSum=-5.240e-01;SOR=2.245	GT:AD:DP:GQ:PL	0/0	0/0	0/0	0/0	0/0	0/0	0/1	0/0	0/0	0/0	0/0	0/0	0/0	0/0	1
10262	T176_L33.phylip_consensus_sequence	844	.	A	G	127.5	QDfilter	AC=1;AF=0.036;AN=28;BaseQRankSum=2.40;ClippingRankSum=0.00;DP=10758;ExcessHet=3.0103;FS=5.436;InbreedingCoeff=-0.0373;MLEAC=1;MLEAF=0.036;MQ=60.00;MQRankSum=0.00;QD=0.95;ReadPosRankSum=-1.410e-01;SOR=1.504	GT:AD:DP:GQ:PL	0/0	0/0	0/0	0/0	0/0	0/0	0/0	0/0	0/1	0/0	0/0	0/0	0/0	0/0	1
10583	T176_L336.phylip_consensus_sequence	120	.	C	A	22.89	QDfilter	AC=1;AF=0.038;AN=26;BaseQRankSum=-1.434e+00;ClippingRankSum=0.00;DP=283;ExcessHet=3.0103;FS=5.388;InbreedingCoeff=-0.0428;MLEAC=1;MLEAF=0.038;MQ=55.86;MQRankSum=0.00;QD=0.88;ReadPosRankSum=-2.150e-01;SOR=0.033	GT:AD:DP:GQ:PL	0/0	0/0	0/0	0/0	0/0	0/0	0/0	0/0	0/0	0/0	0/0	0/0	0/1	./.	1
10589	T176_L336.phylip_consensus_sequence	201	.	C	T	10.07	QDfilter	AC=1;AF=0.036;AN=28;BaseQRankSum=-7.290e-01;ClippingRankSum=0.00;DP=455;ExcessHet=3.0103;FS=20.881;InbreedingCoeff=-0.0437;MLEAC=1;MLEAF=0.036;MQ=60.00;MQRankSum=0.00;QD=0.20;ReadPosRankSum=-3.200e-02;SOR=0.001	GT:AD:DP:GQ:PL	0/0	0/0	0/0	0/0	0/0	0/0	0/0	0/0	0/0	0/0	0/0	0/0	0/1	0/0	1
10598	T176_L336.phylip_consensus_sequence	293	.	C	T	124.66	QDfilter	AC=1;AF=0.036;AN=28;BaseQRankSum=-7.150e-01;ClippingRankSum=0.00;DP=981;ExcessHet=3.0103;FS=2.359;InbreedingCoeff=-0.0448;MLEAC=1;MLEAF=0.036;MQ=113.93;MQRankSum=0.00;QD=1.64;ReadPosRankSum=-3.329e+00;SOR=1.092	GT:AD:DP:GQ:PGT:PID:PL	0/0	0/0	0/0	0/0	0/1	0/0	0/0	0/0	0/0	0/0	0/0	0/0	0/0	0/0	1
10600	T176_L336.phylip_consensus_sequence	301	.	C	T	212.84	QDfilter	AC=2;AF=0.083;AN=24;BaseQRankSum=-1.103e+00;ClippingRankSum=0.00;DP=959;ExcessHet=3.2034;FS=10.757;InbreedingCoeff=-0.1611;MLEAC=2;MLEAF=0.083;MQ=87.34;MQRankSum=0.00;QD=1.27;ReadPosRankSum=-3.311e+00;SOR=2.036	GT:AD:DP:GQ:PGT:PID:PL	0/0	0/1	0/0	0/0	0/1	0/0	./.	./.	0/0	0/0	0/0	0/0	0/0	0/0	2
10606	T176_L336.phylip_consensus_sequence	348	.	T	A,C	4688.52	MQfilter	AC=1,1;AF=0.038,0.038;AN=26;BaseQRankSum=4.57;ClippingRankSum=0.00;DP=2882;ExcessHet=4.7712;FS=17.090;InbreedingCoeff=-0.0080;MLEAC=1,1;MLEAF=0.038,0.038;MQ=37.18;MQRankSum=0.00;QD=17.49;ReadPosRankSum=2.31;SOR=0.644	GT:AD:DP:GQ:PL	0/0	0/0	0/0	0/0	0/0	0/0	0/0	0/0	0/0	0/1	./.	0/0	0/0	0/2	2
10653	T176_L336.phylip_consensus_sequence	771	.	A	G	2079.5	QDfilter	AC=1;AF=0.036;AN=28;BaseQRankSum=1.23;ClippingRankSum=0.00;DP=12079;ExcessHet=3.0103;FS=0.803;InbreedingCoeff=-0.0370;MLEAC=1;MLEAF=0.036;MQ=60.00;MQRankSum=0.00;QD=1.66;ReadPosRankSum=-1.796e+00;SOR=0.694	GT:AD:DP:GQ:PL	0/0	0/0	0/0	0/0	0/0	0/1	0/0	0/0	0/0	0/0	0/0	0/0	0/0	0/0	1
10699	T176_L336.phylip_consensus_sequence	1117	.	G	A	15305.5	ReadPosRankSumfilter	AC=1;AF=0.036;AN=28;BaseQRankSum=0.251;ClippingRankSum=0.00;DP=9205;ExcessHet=3.0103;FS=3.486;InbreedingCoeff=-0.0370;MLEAC=1;MLEAF=0.036;MQ=60.00;MQRankSum=0.00;QD=10.01;ReadPosRankSum=-1.197e+01;SOR=0.983	GT:AD:DP:GQ:PL	0/0	0/0	0/0	0/0	0/0	0/0	0/0	0/0	0/0	0/0	0/1	0/0	0/0	0/0	1
10704	T176_L336.phylip_consensus_sequence	1163	.	A	G	465.5	QDfilter	AC=1;AF=0.036;AN=28;BaseQRankSum=1.27;ClippingRankSum=0.00;DP=10425;ExcessHet=3.0103;FS=0.000;InbreedingCoeff=-0.0370;MLEAC=1;MLEAF=0.036;MQ=60.00;MQRankSum=0.00;QD=0.71;ReadPosRankSum=-6.400e-02;SOR=0.705	GT:AD:DP:GQ:PL	0/0	0/0	0/0	0/0	0/1	0/0	0/0	0/0	0/0	0/0	0/0	0/0	0/0	0/0	1
10712	T176_L336.phylip_consensus_sequence	1234	.	C	T	1702.4	QDfilter	AC=4;AF=0.143;AN=28;BaseQRankSum=3.44;ClippingRankSum=0.00;DP=9505;ExcessHet=4.7216;FS=3.624;InbreedingCoeff=-0.1915;MLEAC=4;MLEAF=0.143;MQ=60.00;MQRankSum=0.00;QD=0.62;ReadPosRankSum=-4.370e-01;SOR=0.861	GT:AD:DP:GQ:PGT:PID:PL	0/0	0/1	0/1	0/0	0/0	0/0	0/0	0/0	0/1	0/0	0/0	0/0	0/1	0/0	4
10713	T176_L336.phylip_consensus_sequence	1239	.	T	C	309.04	QDfilter	AC=3;AF=0.107;AN=28;BaseQRankSum=3.31;ClippingRankSum=0.00;DP=9423;ExcessHet=3.9961;FS=5.851;InbreedingCoeff=-0.1429;MLEAC=3;MLEAF=0.107;MQ=72.82;MQRankSum=0.00;QD=0.17;ReadPosRankSum=1.46;SOR=0.972	GT:AD:DP:GQ:PGT:PID:PL	0/0	0/1	0/1	0/0	0/0	0/0	0/0	0/0	0/1	0/0	0/0	0/0	0/0	0/0	3
10714	T176_L336.phylip_consensus_sequence	1240	.	T	C	206.32	QDfilter	AC=3;AF=0.107;AN=28;BaseQRankSum=2.82;ClippingRankSum=0.00;DP=9495;ExcessHet=4.5961;FS=5.921;InbreedingCoeff=-0.1667;MLEAC=3;MLEAF=0.107;MQ=60.00;MQRankSum=0.00;QD=0.11;ReadPosRankSum=1.14;SOR=1.123	GT:AD:DP:GQ:PGT:PID:PL	0/0	0/1	0/1	0/0	0/0	0/0	0/0	0/0	0/1	0/0	0/0	0/0	0/0	0/0	3
10715	T176_L336.phylip_consensus_sequence	1244	.	G	T	154.07	QDfilter	AC=2;AF=0.071;AN=28;BaseQRankSum=2.60;ClippingRankSum=0.00;DP=9530;ExcessHet=3.9266;FS=5.982;InbreedingCoeff=-0.1200;MLEAC=2;MLEAF=0.071;MQ=61.98;MQRankSum=0.00;QD=0.09;ReadPosRankSum=0.150;SOR=1.113	GT:AD:DP:GQ:PGT:PID:PL	0/0	0/1	0/1	0/0	0/0	0/0	0/0	0/0	0/0	0/0	0/0	0/0	0/0	0/0	2
10716	T176_L336.phylip_consensus_sequence	1247	.	A	G	147.07	QDfilter	AC=2;AF=0.071;AN=28;BaseQRankSum=3.14;ClippingRankSum=0.00;DP=9581;ExcessHet=3.9266;FS=5.921;InbreedingCoeff=-0.1200;MLEAC=2;MLEAF=0.071;MQ=62.04;MQRankSum=0.00;QD=0.08;ReadPosRankSum=-5.050e-01;SOR=1.120	GT:AD:DP:GQ:PGT:PID:PL	0/0	0/1	0/1	0/0	0/0	0/0	0/0	0/0	0/0	0/0	0/0	0/0	0/0	0/0	2
10919	T176_L339.phylip_consensus_sequence	1646	.	C	T	1571.11	MQfilter	AC=2;AF=0.077;AN=26;DP=496;ExcessHet=0.0877;FS=0.000;InbreedingCoeff=0.8967;MLEAC=2;MLEAF=0.077;MQ=29.30;QD=25.13;SOR=3.026	GT:AD:DP:GQ:PGT:PID:PL	0/0	0/0	./.	0/0	0/0	0/0	0/0	0/0	0/0	0/0	0/0	0/0	0/0	1/1	1
10943	T176_L34.phylip_consensus_sequence	293	.	G	T	15.62	QDfilter	AC=1;AF=0.036;AN=28;BaseQRankSum=1.22;ClippingRankSum=0.00;DP=1920;ExcessHet=3.0103;FS=10.887;InbreedingCoeff=-0.0370;MLEAC=1;MLEAF=0.036;MQ=60.00;MQRankSum=0.00;QD=0.65;ReadPosRankSum=-3.214e+00;SOR=2.798	GT:AD:DP:GQ:PL	0/0	0/0	0/0	0/0	0/0	0/0	0/0	0/1	0/0	0/0	0/0	0/0	0/0	0/0	1
10992	T176_L341.phylip_consensus_sequence	1490	.	C	T	1539.96	MQfilter	AC=2;AF=1.00;AN=2;DP=1153;ExcessHet=3.0103;FS=0.000;MLEAC=2;MLEAF=1.00;MQ=10.99;QD=33.05;SOR=5.084	GT:AD:DP:GQ:PL	./.	./.	./.	./.	1/1	./.	./.	./.	./.	./.	./.	./.	./.	./.	1
11218	T176_L347.phylip_consensus_sequence	1455	.	T	C	9045.01	MQfilter	AC=2;AF=0.125;AN=16;BaseQRankSum=-7.270e-01;ClippingRankSum=0.00;DP=2207;ExcessHet=0.1472;FS=0.000;MLEAC=2;MLEAF=0.125;MQ=24.48;MQRankSum=0.00;QD=28.99;ReadPosRankSum=-5.990e-01;SOR=2.550	GT:AD:DP:GQ:PL	./.	./.	./.	0/0	0/0	0/0	./.	./.	0/0	0/0	./.	0/0	0/0	1/1	1
11376	T176_L350.phylip_consensus_sequence	539	.	C	T	15.62	QDfilter	AC=1;AF=0.036;AN=28;BaseQRankSum=1.72;ClippingRankSum=0.00;DP=1086;ExcessHet=3.0103;FS=3.123;InbreedingCoeff=-0.0370;MLEAC=1;MLEAF=0.036;MQ=60.00;MQRankSum=0.00;QD=1.20;ReadPosRankSum=0.944;SOR=2.030	GT:AD:DP:GQ:PL	0/0	0/0	0/0	0/0	0/0	0/0	0/0	0/1	0/0	0/0	0/0	0/0	0/0	0/0	1
11489	T176_L351.phylip_consensus_sequence	1647	.	T	C	423.46	MQfilter	AC=2;AF=0.100;AN=20;DP=326;ExcessHet=0.1158;FS=0.000;InbreedingCoeff=0.3797;MLEAC=2;MLEAF=0.100;MQ=36.74;QD=31.43;SOR=2.670	GT:AD:DP:GQ:PL	0/0	0/0	0/0	0/0	0/0	./.	./.	0/0	./.	./.	0/0	0/0	0/0	1/1	1
11568	T176_L353.phylip_consensus_sequence	748	.	C	A	21.53	QDfilter	AC=1;AF=0.036;AN=28;BaseQRankSum=-1.683e+00;ClippingRankSum=0.00;DP=2276;ExcessHet=3.0103;FS=4.388;InbreedingCoeff=-0.0370;MLEAC=1;MLEAF=0.036;MQ=60.00;MQRankSum=0.00;QD=0.58;ReadPosRankSum=-2.080e-01;SOR=1.781	GT:AD:DP:GQ:PGT:PID:PL	0/0	0/0	0/0	0/0	0/0	0/0	0/0	0/1	0/0	0/0	0/0	0/0	0/0	0/0	1
11689	T176_L356.phylip_consensus_sequence	116	.	G	A	2055.18	MQfilter	AC=2;AF=0.083;AN=24;DP=484;ExcessHet=0.0955;FS=0.000;InbreedingCoeff=0.8175;MLEAC=2;MLEAF=0.083;MQ=33.28;QD=27.91;SOR=7.784	GT:AD:DP:GQ:PGT:PID:PL	0/0	./.	0/0	0/0	0/0	0/0	0/0	./.	0/0	0/0	0/0	0/0	0/0	1/1	1
11764	T176_L357.phylip_consensus_sequence	1035	.	A	T	1821.03	MQfilter	AC=1;AF=0.063;AN=16;BaseQRankSum=0.406;ClippingRankSum=0.00;DP=1757;ExcessHet=3.0103;FS=4.578;MLEAC=1;MLEAF=0.063;MQ=25.65;MQRankSum=0.00;QD=15.05;ReadPosRankSum=-9.730e-01;SOR=0.327	GT:AD:DP:GQ:PL	0/0	0/0	./.	0/0	0/0	0/1	./.	./.	./.	./.	./.	0/0	0/0	0/0	1
11948	T176_L360.phylip_consensus_sequence	1819	.	T	C	155.96	MQfilter	AC=1;AF=0.500;AN=2;BaseQRankSum=-3.900e-01;ClippingRankSum=0.00;DP=83;ExcessHet=3.0103;FS=0.000;MLEAC=1;MLEAF=0.500;MQ=18.63;MQRankSum=0.00;QD=19.49;ReadPosRankSum=-4.890e-01;SOR=1.179	GT:AD:DP:GQ:PL	./.	./.	./.	./.	0/1	./.	./.	./.	./.	./.	./.	./.	./.	./.	1
11950	T176_L361.phylip_consensus_sequence	45	.	G	A	309.73	MQfilter	AC=2;AF=0.143;AN=14;DP=61;ExcessHet=0.1703;FS=0.000;MLEAC=2;MLEAF=0.143;MQ=35.39;QD=30.25;SOR=4.407	GT:AD:DP:GQ:PL	0/0	0/0	./.	./.	./.	0/0	./.	0/0	./.	./.	0/0	1/1	./.	0/0	1
11952	T176_L361.phylip_consensus_sequence	71	.	A	T	502.04	MQfilter	AC=1;AF=0.250;AN=4;BaseQRankSum=-1.900e-01;ClippingRankSum=0.00;DP=132;ExcessHet=3.0103;FS=0.000;MLEAC=1;MLEAF=0.250;MQ=27.26;MQRankSum=0.00;QD=19.31;ReadPosRankSum=1.36;SOR=1.981	GT:AD:DP:GQ:PL	./.	./.	./.	./.	./.	./.	./.	./.	./.	./.	0/1	./.	./.	0/0	1
11957	T176_L361.phylip_consensus_sequence	135	.	C	T	371.92	MQfilter	AC=1;AF=0.038;AN=26;BaseQRankSum=0.241;ClippingRankSum=0.00;DP=347;ExcessHet=3.0103;FS=0.000;InbreedingCoeff=-0.0454;MLEAC=1;MLEAF=0.038;MQ=39.28;MQRankSum=0.00;QD=15.50;ReadPosRankSum=0.290;SOR=0.551	GT:AD:DP:GQ:PL	0/0	0/0	0/0	0/0	0/1	0/0	0/0	0/0	0/0	0/0	0/0	0/0	0/0	./.	1
12013	T176_L362.phylip_consensus_sequence	523	.	G	T	48.5	QDfilter	AC=1;AF=0.036;AN=28;BaseQRankSum=-2.070e-01;ClippingRankSum=0.00;DP=1533;ExcessHet=3.0103;FS=2.508;InbreedingCoeff=-0.0373;MLEAC=1;MLEAF=0.036;MQ=60.00;MQRankSum=0.00;QD=1.80;ReadPosRankSum=0.521;SOR=1.251	GT:AD:DP:GQ:PL	0/0	0/0	0/0	0/0	0/0	0/0	0/0	0/1	0/0	0/0	0/0	0/0	0/0	0/0	1
12087	T176_L364.phylip_consensus_sequence	744	.	C	A	20.58	QDfilter	AC=1;AF=0.036;AN=28;BaseQRankSum=-1.643e+00;ClippingRankSum=0.00;DP=1430;ExcessHet=3.0103;FS=10.620;InbreedingCoeff=-0.0393;MLEAC=1;MLEAF=0.036;MQ=60.00;MQRankSum=0.00;QD=1.08;ReadPosRankSum=-1.212e+00;SOR=2.798	GT:AD:DP:GQ:PL	0/0	0/0	0/0	0/0	0/0	0/0	0/0	0/1	0/0	0/0	0/0	0/0	0/0	0/0	1
12144	T176_L366.phylip_consensus_sequence	504	.	G	A	22.52	QDfilter	AC=1;AF=0.036;AN=28;BaseQRankSum=1.77;ClippingRankSum=0.00;DP=1154;ExcessHet=3.0103;FS=6.021;InbreedingCoeff=-0.0371;MLEAC=1;MLEAF=0.036;MQ=60.00;MQRankSum=0.00;QD=0.90;ReadPosRankSum=1.06;SOR=2.522	GT:AD:DP:GQ:PGT:PID:PL	0/0	0/0	0/0	0/0	0/0	0/0	0/0	0/1	0/0	0/0	0/0	0/0	0/0	0/0	1
12316	T176_L370.phylip_consensus_sequence	1026	.	G	T	18.57	QDfilter	AC=1;AF=0.036;AN=28;BaseQRankSum=1.53;ClippingRankSum=0.00;DP=3198;ExcessHet=3.0103;FS=9.702;InbreedingCoeff=-0.0376;MLEAC=1;MLEAF=0.036;MQ=60.00;MQRankSum=0.00;QD=0.49;ReadPosRankSum=0.318;SOR=3.250	GT:AD:DP:GQ:PL	0/0	0/0	0/0	0/0	0/0	0/0	0/0	0/1	0/0	0/0	0/0	0/0	0/0	0/0	1
12324	T176_L370.phylip_consensus_sequence	1755	.	C	A	16.75	QDfilter	AC=1;AF=0.036;AN=28;BaseQRankSum=1.75;ClippingRankSum=0.00;DP=489;ExcessHet=3.0103;FS=0.000;InbreedingCoeff=-0.0448;MLEAC=1;MLEAF=0.036;MQ=60.00;MQRankSum=0.00;QD=1.40;ReadPosRankSum=0.671;SOR=0.693	GT:AD:DP:GQ:PL	0/0	0/0	0/0	0/0	0/0	0/0	0/0	0/1	0/0	0/0	0/0	0/0	0/0	0/0	1
12327	T176_L371.phylip_consensus_sequence	26	.	C	T	54.6	MQfilter	AC=2;AF=0.143;AN=14;DP=89;ExcessHet=0.1703;FS=0.000;MLEAC=1;MLEAF=0.071;MQ=13.59;QD=27.30;SOR=2.303	GT:AD:DP:GQ:PL	./.	./.	0/0	./.	1/1	0/0	./.	./.	0/0	0/0	0/0	0/0	./.	./.	1
12457	T176_L373.phylip_consensus_sequence	1892	.	T	C	276.98	MQfilter	AC=2;AF=1.00;AN=2;DP=62;ExcessHet=3.0103;FS=0.000;MLEAC=2;MLEAF=1.00;MQ=21.55;QD=34.62;SOR=2.833	GT:AD:DP:GQ:PL	./.	./.	./.	./.	./.	./.	./.	./.	./.	./.	./.	1/1	./.	./.	1
12511	T176_L375.phylip_consensus_sequence	1105	.	G	A	1942.85	MQfilter	AC=1;AF=0.036;AN=28;BaseQRankSum=0.704;ClippingRankSum=0.00;DP=436;ExcessHet=3.0103;FS=0.000;InbreedingCoeff=-0.0522;MLEAC=1;MLEAF=0.036;MQ=39.63;MQRankSum=-6.300e-02;QD=17.35;ReadPosRankSum=0.395;SOR=0.659	GT:AD:DP:GQ:PL	0/0	0/0	0/0	0/0	0/0	0/0	0/0	0/0	0/0	0/0	0/1	0/0	0/0	0/0	1
12512	T176_L375.phylip_consensus_sequence	1182	.	C	T	537.55	MQfilter	AC=1;AF=0.036;AN=28;BaseQRankSum=-3.130e-01;ClippingRankSum=0.00;DP=487;ExcessHet=3.0103;FS=0.000;InbreedingCoeff=-0.0399;MLEAC=1;MLEAF=0.036;MQ=39.31;MQRankSum=0.191;QD=19.20;ReadPosRankSum=-7.250e-01;SOR=0.997	GT:AD:DP:GQ:PL	0/0	0/0	0/0	0/0	0/1	0/0	0/0	0/0	0/0	0/0	0/0	0/0	0/0	0/0	1
12560	T176_L377.phylip_consensus_sequence	63	.	T	C	38.88	MQfilter	AC=1;AF=0.050;AN=20;BaseQRankSum=0.00;ClippingRankSum=0.00;DP=123;ExcessHet=3.0103;FS=0.000;InbreedingCoeff=-0.0916;MLEAC=1;MLEAF=0.050;MQ=34.64;MQRankSum=0.00;QD=12.96;ReadPosRankSum=0.00;SOR=1.179	GT:AD:DP:GQ:PL	0/0	0/0	0/0	0/0	0/0	0/1	./.	0/0	./.	./.	0/0	0/0	0/0	./.	1
12580	T176_L377.phylip_consensus_sequence	1382	.	T	A	223.2	MQfilter	AC=2;AF=0.083;AN=24;DP=315;ExcessHet=0.0955;FS=0.000;InbreedingCoeff=0.8762;MLEAC=2;MLEAF=0.083;MQ=15.24;QD=24.47;SOR=2.303	GT:AD:DP:GQ:PGT:PID:PL	0/0	0/0	./.	0/0	1/1	0/0	./.	0/0	0/0	0/0	0/0	0/0	0/0	0/0	1
12620	T176_L379.phylip_consensus_sequence	50	.	G	T	603.83	MQfilter	AC=6;AF=0.375;AN=16;BaseQRankSum=-1.383e+00;ClippingRankSum=0.00;DP=194;ExcessHet=11.2731;FS=7.963;MLEAC=7;MLEAF=0.438;MQ=39.43;MQRankSum=0.00;QD=11.18;ReadPosRankSum=0.00;SOR=0.047	GT:AD:DP:GQ:PGT:PID:PL	./.	0/1	0/1	0/1	0/1	./.	0/1	./.	0/0	./.	0/1	0/0	./.	./.	6
12625	T176_L379.phylip_consensus_sequence	81	.	T	C	43.94	QDfilter	AC=2;AF=0.071;AN=28;BaseQRankSum=-1.981e+00;ClippingRankSum=0.00;DP=412;ExcessHet=3.5218;FS=6.236;InbreedingCoeff=-0.1495;MLEAC=2;MLEAF=0.071;MQ=60.00;MQRankSum=0.00;QD=1.37;ReadPosRankSum=1.98;SOR=0.020	GT:AD:DP:GQ:PGT:PID:PL	0/0	0/1	0/0	0/0	0/1	0/0	0/0	0/0	0/0	0/0	0/0	0/0	0/0	0/0	2
12626	T176_L379.phylip_consensus_sequence	82	.	G	T	27.65	QDfilter	AC=2;AF=0.083;AN=24;BaseQRankSum=-2.280e+00;ClippingRankSum=0.00;DP=313;ExcessHet=6.9401;FS=0.000;InbreedingCoeff=-0.3113;MLEAC=4;MLEAF=0.167;MQ=54.65;MQRankSum=0.00;QD=0.51;ReadPosRankSum=0.974;SOR=0.048	GT:AD:DP:GQ:PGT:PID:PL	0/0	0/0	0/1	0/0	0/0	0/0	0/0	./.	0/0	0/0	0/1	0/0	0/0	./.	2
12634	T176_L379.phylip_consensus_sequence	130	.	G	T	10.01	QDfilter	AC=1;AF=0.038;AN=26;BaseQRankSum=-2.168e+00;ClippingRankSum=0.00;DP=613;ExcessHet=3.9266;FS=8.751;InbreedingCoeff=-0.1312;MLEAC=1;MLEAF=0.038;MQ=46.48;MQRankSum=0.00;QD=0.67;ReadPosRankSum=0.00;SOR=0.005	GT:AD:DP:GQ:PGT:PID:PL	0/0	0/0	0/0	0/0	0/1	0/0	0/0	0/0	0/0	0/0	0/0	0/0	0/0	./.	1
12721	T176_L38.phylip_consensus_sequence	1771	.	T	A	151.5	MQfilter	AC=1;AF=0.042;AN=24;BaseQRankSum=0.065;ClippingRankSum=0.00;DP=282;ExcessHet=3.0103;FS=0.000;InbreedingCoeff=-0.0615;MLEAC=1;MLEAF=0.042;MQ=36.51;MQRankSum=0.00;QD=15.15;ReadPosRankSum=1.12;SOR=0.017	GT:AD:DP:GQ:PL	0/0	0/0	0/0	0/0	0/0	0/1	./.	0/0	0/0	0/0	0/0	0/0	0/0	./.	1
12807	T176_L381.phylip_consensus_sequence	1232	.	G	T	18.56	QDfilter	AC=1;AF=0.036;AN=28;BaseQRankSum=0.893;ClippingRankSum=0.00;DP=1837;ExcessHet=3.0103;FS=8.868;InbreedingCoeff=-0.0370;MLEAC=1;MLEAF=0.036;MQ=60.00;MQRankSum=0.00;QD=0.48;ReadPosRankSum=1.00;SOR=2.948	GT:AD:DP:GQ:PL	0/0	0/0	0/0	0/0	0/0	0/0	0/0	0/1	0/0	0/0	0/0	0/0	0/0	0/0	1
13105	T176_L387.phylip_consensus_sequence	1461	.	T	C	121.67	MQfilter	AC=2;AF=0.077;AN=26;DP=247;ExcessHet=0.0877;FS=0.000;InbreedingCoeff=0.7016;MLEAC=1;MLEAF=0.038;MQ=34.64;QD=30.42;SOR=3.258	GT:AD:DP:GQ:PL	0/0	0/0	0/0	0/0	./.	0/0	0/0	0/0	0/0	1/1	0/0	0/0	0/0	0/0	1
13154	T176_L389.phylip_consensus_sequence	484	.	G	T	55.5	QDfilter	AC=1;AF=0.036;AN=28;BaseQRankSum=1.22;ClippingRankSum=0.00;DP=1732;ExcessHet=3.0103;FS=12.179;InbreedingCoeff=-0.0370;MLEAC=1;MLEAF=0.036;MQ=60.00;MQRankSum=0.00;QD=1.39;ReadPosRankSum=-4.363e+00;SOR=3.506	GT:AD:DP:GQ:PL	0/0	0/0	0/0	0/0	0/0	0/0	0/0	0/1	0/0	0/0	0/0	0/0	0/0	0/0	1
13189	T176_L389.phylip_consensus_sequence	1812	.	C	T	36.91	QDfilter	AC=1;AF=0.036;AN=28;BaseQRankSum=1.95;ClippingRankSum=0.00;DP=271;ExcessHet=3.0103;FS=0.000;InbreedingCoeff=-0.0527;MLEAC=1;MLEAF=0.036;MQ=60.00;MQRankSum=0.00;QD=1.76;ReadPosRankSum=1.32;SOR=0.180	GT:AD:DP:GQ:PL	0/0	0/0	0/0	0/0	0/0	0/1	0/0	0/0	0/0	0/0	0/0	0/0	0/0	0/0	1
13245	T176_L39.phylip_consensus_sequence	1741	.	G	T	96.47	MQfilter	AC=2;AF=1.00;AN=2;DP=51;ExcessHet=3.0103;FS=0.000;MLEAC=2;MLEAF=1.00;MQ=14.55;QD=32.16;SOR=2.833	GT:AD:DP:GQ:PL	./.	./.	./.	./.	./.	./.	./.	./.	./.	./.	1/1	./.	./.	./.	1
13524	T176_L396.phylip_consensus_sequence	1312	.	A	G	6279.84	MQfilter	AC=2;AF=0.167;AN=12;BaseQRankSum=0.388;ClippingRankSum=0.00;DP=698;ExcessHet=0.2020;FS=0.000;MLEAC=2;MLEAF=0.167;MQ=32.26;MQRankSum=0.00;QD=30.77;ReadPosRankSum=-1.100e+00;SOR=2.898	GT:AD:DP:GQ:PGT:PID:PL	0/0	0/0	./.	./.	./.	./.	0/0	0/0	./.	./.	1/1	./.	0/0	./.	1
13525	T176_L396.phylip_consensus_sequence	1313	.	A	G	61.23	MQfilter	AC=1;AF=0.083;AN=12;BaseQRankSum=-2.369e+00;ClippingRankSum=0.00;DP=690;ExcessHet=3.0103;FS=0.000;MLEAC=1;MLEAF=0.083;MQ=7.24;MQRankSum=0.00;QD=7.65;ReadPosRankSum=0.732;SOR=0.368	GT:AD:DP:GQ:PGT:PID:PL	0/0	0/0	./.	./.	./.	./.	0/0	0/0	0/1	./.	./.	./.	0/0	./.	1
13542	T176_L397.phylip_consensus_sequence	363	.	G	T	21.53	QDfilter	AC=1;AF=0.036;AN=28;BaseQRankSum=-2.837e+00;ClippingRankSum=0.00;DP=1161;ExcessHet=3.0103;FS=2.020;InbreedingCoeff=-0.0372;MLEAC=1;MLEAF=0.036;MQ=60.00;MQRankSum=0.00;QD=0.80;ReadPosRankSum=0.300;SOR=0.828	GT:AD:DP:GQ:PL	0/0	0/0	0/0	0/0	0/0	0/0	0/0	0/1	0/0	0/0	0/0	0/0	0/0	0/0	1
13597	T176_L398.phylip_consensus_sequence	778	.	G	A	30.5	QDfilter	AC=1;AF=0.036;AN=28;BaseQRankSum=0.949;ClippingRankSum=0.00;DP=1824;ExcessHet=3.0103;FS=5.291;InbreedingCoeff=-0.0370;MLEAC=1;MLEAF=0.036;MQ=60.00;MQRankSum=0.00;QD=0.90;ReadPosRankSum=0.814;SOR=2.062	GT:AD:DP:GQ:PL	0/0	0/0	0/0	0/0	0/0	0/0	0/0	0/1	0/0	0/0	0/0	0/0	0/0	0/0	1
13647	T176_L4.phylip_consensus_sequence	144	.	C	T	1366.13	MQfilter	AC=2;AF=0.125;AN=16;DP=272;ExcessHet=0.1472;FS=0.000;MLEAC=3;MLEAF=0.188;MQ=34.64;QD=34.15;SOR=1.609	GT:AD:DP:GQ:PL	0/0	./.	./.	0/0	./.	./.	0/0	./.	./.	0/0	0/0	0/0	0/0	1/1	1
13672	T176_L4.phylip_consensus_sequence	1137	.	A	G	675.13	MQfilter	AC=2;AF=0.200;AN=10;DP=237;ExcessHet=0.2482;FS=0.000;MLEAC=3;MLEAF=0.300;MQ=23.03;QD=30.09;SOR=1.981	GT:AD:DP:GQ:PL	0/0	./.	0/0	./.	./.	./.	./.	./.	./.	./.	0/0	1/1	0/0	./.	1
13680	T176_L4.phylip_consensus_sequence	1343	.	G	A	352.42	MQfilter	AC=1;AF=0.056;AN=18;BaseQRankSum=-1.690e+00;ClippingRankSum=0.00;DP=270;ExcessHet=3.0103;FS=7.715;MLEAC=1;MLEAF=0.056;MQ=38.24;MQRankSum=0.00;QD=13.55;ReadPosRankSum=-8.060e-01;SOR=0.042	GT:AD:DP:GQ:PL	0/0	0/0	./.	0/0	./.	0/0	./.	./.	./.	0/0	0/1	0/0	0/0	0/0	1
13681	T176_L4.phylip_consensus_sequence	1344	.	T	G	991.12	MQfilter	AC=2;AF=0.111;AN=18;DP=268;ExcessHet=0.1296;FS=0.000;MLEAC=2;MLEAF=0.111;MQ=38.10;QD=31.66;SOR=1.893	GT:AD:DP:GQ:PGT:PID:PL	0/0	0/0	1/1	0/0	./.	0/0	./.	./.	./.	0/0	./.	0/0	0/0	0/0	1
13683	T176_L4.phylip_consensus_sequence	1375	.	G	T	486.08	MQfilter	AC=2;AF=1.00;AN=2;BaseQRankSum=-3.500e-01;ClippingRankSum=0.00;DP=129;ExcessHet=3.0103;FS=0.000;MLEAC=2;MLEAF=1.00;MQ=20.46;MQRankSum=0.00;QD=32.41;ReadPosRankSum=-1.960e-01;SOR=2.584	GT:AD:DP:GQ:PL	./.	./.	./.	./.	./.	./.	./.	./.	./.	./.	./.	./.	./.	1/1	1
13743	T176_L400.phylip_consensus_sequence	106	.	C	A	20.62	QDfilter	AC=1;AF=0.036;AN=28;BaseQRankSum=-6.050e-01;ClippingRankSum=0.00;DP=410;ExcessHet=3.0103;FS=0.000;InbreedingCoeff=-0.0414;MLEAC=1;MLEAF=0.036;MQ=60.00;MQRankSum=0.00;QD=1.87;ReadPosRankSum=0.660;SOR=0.086	GT:AD:DP:GQ:PL	0/0	0/0	0/0	0/0	0/0	0/0	0/0	0/1	0/0	0/0	0/0	0/0	0/0	0/0	1
13773	T176_L400.phylip_consensus_sequence	1554	.	G	A	12.73	QDfilter	AC=1;AF=0.036;AN=28;BaseQRankSum=2.24;ClippingRankSum=0.00;DP=1219;ExcessHet=3.0103;FS=6.455;InbreedingCoeff=-0.0370;MLEAC=1;MLEAF=0.036;MQ=60.00;MQRankSum=0.00;QD=0.45;ReadPosRankSum=0.890;SOR=2.825	GT:AD:DP:GQ:PL	0/0	0/0	0/0	0/0	0/0	0/0	0/0	0/1	0/0	0/0	0/0	0/0	0/0	0/0	1
13935	T176_L404.phylip_consensus_sequence	1967	.	A	G	102.22	MQfilter	AC=2;AF=1.00;AN=2;DP=63;ExcessHet=3.0103;FS=0.000;MLEAC=2;MLEAF=1.00;MQ=15.12;QD=25.56;SOR=1.609	GT:AD:DP:GQ:PL	./.	./.	./.	./.	./.	./.	./.	./.	./.	./.	./.	./.	./.	1/1	1
14112	T176_L409.phylip_consensus_sequence	271	.	G	A	9590.71	MQfilter	AC=2;AF=0.125;AN=16;DP=1968;ExcessHet=0.1472;FS=0.000;MLEAC=2;MLEAF=0.125;MQ=25.68;QD=26.89;SOR=2.314	GT:AD:DP:GQ:PGT:PID:PL	./.	0/0	./.	0/0	0/0	./.	./.	./.	0/0	0/0	0/0	0/0	./.	1/1	1
14154	T176_L409.phylip_consensus_sequence	1317	.	C	T	13.69	QDfilter	AC=1;AF=0.036;AN=28;BaseQRankSum=-2.530e-01;ClippingRankSum=0.00;DP=2964;ExcessHet=3.0103;FS=3.090;InbreedingCoeff=-0.0370;MLEAC=1;MLEAF=0.036;MQ=60.00;MQRankSum=0.00;QD=1.24;ReadPosRankSum=0.00;SOR=1.981	GT:AD:DP:GQ:PL	0/0	0/0	0/0	0/0	0/0	0/0	0/1	0/0	0/0	0/0	0/0	0/0	0/0	0/0	1
14170	T176_L41.phylip_consensus_sequence	282	.	A	C	6420.96	MQfilter	AC=2;AF=1.00;AN=2;BaseQRankSum=-6.910e-01;ClippingRankSum=0.00;DP=1678;ExcessHet=3.0103;FS=5.046;MLEAC=2;MLEAF=1.00;MQ=17.76;MQRankSum=0.00;QD=28.35;ReadPosRankSum=-3.520e-01;SOR=1.642	GT:AD:DP:GQ:PGT:PID:PL	./.	./.	./.	./.	./.	./.	./.	./.	./.	./.	./.	./.	./.	1/1	1
14222	T176_L411.phylip_consensus_sequence	671	.	C	T	21.53	QDfilter	AC=1;AF=0.036;AN=28;BaseQRankSum=2.32;ClippingRankSum=0.00;DP=1439;ExcessHet=3.0103;FS=2.548;InbreedingCoeff=-0.0371;MLEAC=1;MLEAF=0.036;MQ=60.00;MQRankSum=0.00;QD=0.57;ReadPosRankSum=1.02;SOR=1.765	GT:AD:DP:GQ:PL	0/0	0/0	0/0	0/0	0/0	0/0	0/0	0/1	0/0	0/0	0/0	0/0	0/0	0/0	1
14520	T176_L47.phylip_consensus_sequence	230	.	G	A	909.91	MQfilter	AC=3;AF=0.115;AN=26;BaseQRankSum=-1.676e+00;ClippingRankSum=0.00;DP=597;ExcessHet=0.2687;FS=1.451;InbreedingCoeff=0.6138;MLEAC=3;MLEAF=0.115;MQ=38.16;MQRankSum=0.00;QD=16.54;ReadPosRankSum=0.661;SOR=0.376	GT:AD:DP:GQ:PL	0/0	0/0	0/0	0/0	0/0	0/0	0/0	0/0	1/1	0/1	0/0	0/0	0/0	./.	2
14714	T176_L51.phylip_consensus_sequence	453	.	C	A	33.5	QDfilter	AC=1;AF=0.036;AN=28;BaseQRankSum=0.234;ClippingRankSum=0.00;DP=854;ExcessHet=3.0103;FS=9.824;InbreedingCoeff=-0.0370;MLEAC=1;MLEAF=0.036;MQ=60.00;MQRankSum=0.00;QD=1.05;ReadPosRankSum=-2.914e+00;SOR=3.249	GT:AD:DP:GQ:PL	0/0	0/0	0/0	0/0	0/0	0/0	0/0	0/1	0/0	0/0	0/0	0/0	0/0	0/0	1
14732	T176_L51.phylip_consensus_sequence	1623	.	G	T	36.5	QDfilter	AC=1;AF=0.036;AN=28;BaseQRankSum=1.19;ClippingRankSum=0.00;DP=529;ExcessHet=3.0103;FS=0.000;InbreedingCoeff=-0.0371;MLEAC=1;MLEAF=0.036;MQ=60.00;MQRankSum=0.00;QD=1.92;ReadPosRankSum=-2.030e-01;SOR=0.836	GT:AD:DP:GQ:PL	0/0	0/0	0/0	0/0	0/0	0/0	0/0	0/1	0/0	0/0	0/0	0/0	0/0	0/0	1
14793	T176_L53.phylip_consensus_sequence	121	.	G	T	18.64	QDfilter	AC=1;AF=0.036;AN=28;BaseQRankSum=1.10;ClippingRankSum=0.00;DP=549;ExcessHet=3.0103;FS=0.000;InbreedingCoeff=-0.0414;MLEAC=1;MLEAF=0.036;MQ=60.00;MQRankSum=0.00;QD=1.69;ReadPosRankSum=-1.691e+00;SOR=0.818	GT:AD:DP:GQ:PL	0/0	0/0	0/0	0/0	0/0	0/0	0/0	0/1	0/0	0/0	0/0	0/0	0/0	0/0	1
14946	T176_L56.phylip_consensus_sequence	1736	.	T	C	929.5	MQfilter	AC=4;AF=0.286;AN=14;BaseQRankSum=1.63;ClippingRankSum=0.00;DP=180;ExcessHet=0.7145;FS=0.000;MLEAC=5;MLEAF=0.357;MQ=33.84;MQRankSum=0.00;QD=30.98;ReadPosRankSum=1.74;SOR=0.459	GT:AD:DP:GQ:PL	./.	./.	1/1	1/1	0/0	0/0	./.	0/0	./.	./.	./.	0/0	0/0	./.	2
14948	T176_L56.phylip_consensus_sequence	1745	.	A	T	272.59	MQfilter	AC=3;AF=0.188;AN=16;BaseQRankSum=-4.310e-01;ClippingRankSum=0.00;DP=128;ExcessHet=1.7609;FS=0.000;MLEAC=4;MLEAF=0.250;MQ=30.98;MQRankSum=0.00;QD=19.47;ReadPosRankSum=-2.820e-01;SOR=2.985	GT:AD:DP:GQ:PL	./.	0/0	0/0	./.	0/0	0/1	./.	1/1	./.	0/0	./.	0/0	0/0	./.	2
14950	T176_L57.phylip_consensus_sequence	36	.	C	T	504.03	MQfilter	AC=2;AF=0.100;AN=20;DP=127;ExcessHet=0.1158;FS=0.000;InbreedingCoeff=0.4064;MLEAC=2;MLEAF=0.100;MQ=31.90;QD=29.21;SOR=5.283	GT:AD:DP:GQ:PL	./.	1/1	./.	0/0	0/0	0/0	./.	./.	0/0	0/0	0/0	0/0	0/0	0/0	1
14951	T176_L57.phylip_consensus_sequence	73	.	A	G	2616.65	MQfilter	AC=4;AF=0.667;AN=6;DP=238;ExcessHet=0.4576;FS=0.000;MLEAC=5;MLEAF=0.833;MQ=30.21;QD=30.66;SOR=2.917	GT:AD:DP:GQ:PGT:PID:PL	./.	./.	./.	0/0	./.	./.	./.	./.	./.	./.	./.	1/1	./.	1/1	2
14988	T176_L57.phylip_consensus_sequence	1114	.	TA	T	15.57	QDfilter	AC=1;AF=0.036;AN=28;BaseQRankSum=0.765;ClippingRankSum=0.00;DP=1233;ExcessHet=3.0103;FS=0.000;InbreedingCoeff=-0.0370;MLEAC=1;MLEAF=0.036;MQ=60.00;MQRankSum=0.00;QD=1.56;ReadPosRankSum=1.83;SOR=0.368	GT:AD:DP:GQ:PGT:PID:PL	0/0	0/0	0/0	0/0	0/0	0/0	0/1	0/0	0/0	0/0	0/0	0/0	0/0	0/0	1
14989	T176_L57.phylip_consensus_sequence	1124	.	AT	A	15.57	QDfilter	AC=1;AF=0.036;AN=28;BaseQRankSum=0.549;ClippingRankSum=0.00;DP=1235;ExcessHet=3.0103;FS=0.000;InbreedingCoeff=-0.0370;MLEAC=1;MLEAF=0.036;MQ=60.00;MQRankSum=0.00;QD=1.73;ReadPosRankSum=1.73;SOR=0.495	GT:AD:DP:GQ:PGT:PID:PL	0/0	0/0	0/0	0/0	0/0	0/0	0/1	0/0	0/0	0/0	0/0	0/0	0/0	0/0	1
15045	T176_L59.phylip_consensus_sequence	1707	.	G	C	213.42	MQfilter	AC=1;AF=0.050;AN=20;BaseQRankSum=-1.347e+00;ClippingRankSum=0.00;DP=606;ExcessHet=3.0103;FS=8.073;InbreedingCoeff=-0.0732;MLEAC=1;MLEAF=0.050;MQ=20.86;MQRankSum=0.00;QD=9.70;ReadPosRankSum=-2.010e-01;SOR=0.036	GT:AD:DP:GQ:PGT:PID:PL	0/0	0/0	0/0	./.	./.	0/0	0/0	0/0	./.	0/1	0/0	0/0	0/0	./.	1
15159	T176_L6.phylip_consensus_sequence	1896	.	G	A	156.22	MQfilter	AC=2;AF=1.00;AN=2;DP=106;ExcessHet=3.0103;FS=0.000;MLEAC=2;MLEAF=1.00;MQ=11.66;QD=33.64;SOR=1.609	GT:AD:DP:GQ:PL	./.	./.	./.	./.	./.	./.	./.	./.	./.	./.	./.	./.	./.	1/1	1
15324	T176_L63.phylip_consensus_sequence	19	.	C	G	3597.48	FSfilter;MQfilter	AC=5;AF=0.192;AN=26;BaseQRankSum=-5.880e-01;ClippingRankSum=0.00;DP=1023;ExcessHet=7.3164;FS=75.158;InbreedingCoeff=-0.4062;MLEAC=7;MLEAF=0.269;MQ=36.00;MQRankSum=0.00;QD=17.13;ReadPosRankSum=0.498;SOR=0.019	GT:AD:DP:GQ:PGT:PID:PL	0/0	0/1	./.	0/1	0/0	0/0	0/0	0/0	0/1	0/1	0/0	0/0	0/1	0/0	5
15327	T176_L63.phylip_consensus_sequence	25	.	G	C,A	2730.47	FSfilter;MQfilter	AC=1,4;AF=0.042,0.167;AN=24;BaseQRankSum=-6.610e-01;ClippingRankSum=0.00;DP=1072;ExcessHet=7.7512;FS=87.499;InbreedingCoeff=-0.2594;MLEAC=1,4;MLEAF=0.042,0.167;MQ=32.72;MQRankSum=0.00;QD=10.84;ReadPosRankSum=1.37;SOR=0.016	GT:AD:DP:GQ:PGT:PID:PL	./.	0/2	./.	0/1	0/0	0/0	0/0	0/0	0/0	0/2	0/0	0/2	0/2	0/0	5
15329	T176_L63.phylip_consensus_sequence	29	.	T	A	28.27	QDfilter	AC=1;AF=0.036;AN=28;BaseQRankSum=-1.232e+00;ClippingRankSum=0.00;DP=1159;ExcessHet=3.0103;FS=0.000;InbreedingCoeff=-0.0702;MLEAC=1;MLEAF=0.036;MQ=81.37;MQRankSum=-4.169e+00;QD=1.18;ReadPosRankSum=1.32;SOR=0.126	GT:AD:DP:GQ:PGT:PID:PL	0/0	0/0	0/0	0/1	0/0	0/0	0/0	0/0	0/0	0/0	0/0	0/0	0/0	0/0	1
15331	T176_L63.phylip_consensus_sequence	36	.	A	G	16.36	QDfilter	AC=1;AF=0.036;AN=28;BaseQRankSum=-1.668e+00;ClippingRankSum=0.00;DP=1182;ExcessHet=3.0103;FS=0.000;InbreedingCoeff=-0.0701;MLEAC=1;MLEAF=0.036;MQ=58.31;MQRankSum=-4.116e+00;QD=0.58;ReadPosRankSum=0.297;SOR=0.097	GT:AD:DP:GQ:PGT:PID:PL	0/0	0/0	0/0	0/1	0/0	0/0	0/0	0/0	0/0	0/0	0/0	0/0	0/0	0/0	1
15332	T176_L63.phylip_consensus_sequence	42	.	G	C	4632.22	FSfilter;MQfilter	AC=7;AF=0.292;AN=24;BaseQRankSum=-2.410e+00;ClippingRankSum=0.00;DP=1177;ExcessHet=8.3430;FS=91.565;InbreedingCoeff=-0.5242;MLEAC=8;MLEAF=0.333;MQ=37.19;MQRankSum=0.00;QD=14.94;ReadPosRankSum=0.00;SOR=0.001	GT:AD:DP:GQ:PGT:PID:PL	./.	0/1	./.	0/1	0/1	0/0	0/0	0/0	0/1	0/1	0/0	0/1	0/1	0/0	7
15333	T176_L63.phylip_consensus_sequence	46	.	C	G	3401.42	FSfilter;MQfilter	AC=4;AF=0.154;AN=26;BaseQRankSum=-9.670e-01;ClippingRankSum=0.00;DP=1243;ExcessHet=7.6603;FS=110.919;InbreedingCoeff=-0.3734;MLEAC=6;MLEAF=0.231;MQ=38.80;MQRankSum=0.00;QD=14.72;ReadPosRankSum=0.715;SOR=0.007	GT:AD:DP:GQ:PGT:PID:PL	0/0	0/1	./.	0/1	0/0	0/0	0/0	0/0	0/1	0/1	0/0	0/0	0/0	0/0	4
15336	T176_L63.phylip_consensus_sequence	68	.	A	AC	2911.68	FSfilter	AC=4;AF=0.167;AN=24;BaseQRankSum=-6.660e-01;ClippingRankSum=0.00;DP=1245;ExcessHet=6.9401;FS=233.767;InbreedingCoeff=-0.2995;MLEAC=5;MLEAF=0.208;MQ=43.25;MQRankSum=0.00;QD=9.21;ReadPosRankSum=-5.020e-01;SOR=0.000	GT:AD:DP:GQ:PGT:PID:PL	0/0	0/1	./.	0/0	0/1	0/0	0/0	0/0	0/0	0/0	0/0	0/1	0/1	./.	4
15337	T176_L63.phylip_consensus_sequence	69	.	G	T	2920.71	FSfilter	AC=4;AF=0.167;AN=24;BaseQRankSum=-1.375e+00;ClippingRankSum=0.00;DP=1230;ExcessHet=6.9401;FS=260.675;InbreedingCoeff=-0.2990;MLEAC=5;MLEAF=0.208;MQ=42.86;MQRankSum=0.00;QD=9.45;ReadPosRankSum=-3.470e-01;SOR=0.000	GT:AD:DP:GQ:PGT:PID:PL	0/0	0/1	./.	0/0	0/1	0/0	0/0	0/0	0/0	0/0	0/0	0/1	0/1	./.	4
15338	T176_L63.phylip_consensus_sequence	73	.	G	A,C	3244.45	FSfilter	AC=1,1;AF=0.042,0.042;AN=24;BaseQRankSum=-5.000e-01;ClippingRankSum=0.00;DP=1240;ExcessHet=3.3099;FS=154.980;InbreedingCoeff=-0.0148;MLEAC=1,1;MLEAF=0.042,0.042;MQ=42.28;MQRankSum=-8.100e-01;QD=14.75;ReadPosRankSum=-2.910e-01;SOR=0.001	GT:AD:DP:GQ:PGT:PID:PL	0/0	0/2	./.	0/1	0/0	0/0	0/0	0/0	0/0	0/0	0/0	0/0	0/0	./.	2
15339	T176_L63.phylip_consensus_sequence	87	.	G	A	1148.71	FSfilter	AC=1;AF=0.036;AN=28;BaseQRankSum=-1.424e+00;ClippingRankSum=0.00;DP=1197;ExcessHet=4.3933;FS=148.389;InbreedingCoeff=-0.1500;MLEAC=1;MLEAF=0.036;MQ=67.96;MQRankSum=-3.787e+00;QD=7.36;ReadPosRankSum=-5.510e-01;SOR=0.447	GT:AD:DP:GQ:PGT:PID:PL	0/0	0/1	0/0	0/0	0/0	0/0	0/0	0/0	0/0	0/0	0/0	0/0	0/0	0/0	1
15340	T176_L63.phylip_consensus_sequence	89	.	A	G	1340.12	FSfilter;MQfilter	AC=1;AF=0.042;AN=24;BaseQRankSum=-1.480e+00;ClippingRankSum=0.00;DP=1193;ExcessHet=4.5961;FS=160.369;InbreedingCoeff=-0.1605;MLEAC=1;MLEAF=0.042;MQ=39.19;MQRankSum=-3.417e+00;QD=8.65;ReadPosRankSum=-9.500e-01;SOR=0.549	GT:AD:DP:GQ:PGT:PID:PL	0/0	0/1	./.	0/0	0/0	0/0	0/0	0/0	0/0	0/0	0/0	0/0	0/0	./.	1
15423	T176_L65.phylip_consensus_sequence	1797	.	A	G	63.93	MQfilter	AC=2;AF=1.00;AN=2;DP=64;ExcessHet=3.0103;FS=0.000;MLEAC=2;MLEAF=1.00;MQ=10.61;QD=31.97;SOR=2.303	GT:AD:DP:GQ:PL	./.	./.	./.	./.	./.	./.	./.	./.	./.	./.	./.	./.	./.	1/1	1
15628	T176_L7.phylip_consensus_sequence	1769	.	C	T	105.47	MQfilter	AC=2;AF=1.00;AN=2;DP=85;ExcessHet=3.0103;FS=0.000;MLEAC=2;MLEAF=1.00;MQ=11.27;QD=31.50;SOR=2.833	GT:AD:DP:GQ:PL	./.	./.	./.	./.	./.	./.	./.	./.	./.	./.	./.	./.	./.	1/1	1
15638	T176_L70.phylip_consensus_sequence	173	.	A	C,G	2280.49	MQfilter	AC=1,1;AF=0.045,0.045;AN=22;DP=754;ExcessHet=0.1296;FS=0.000;InbreedingCoeff=0.6971;MLEAC=1,1;MLEAF=0.045,0.045;MQ=24.93;QD=31.29;SOR=8.155	GT:AD:DP:GQ:PL	0/0	0/0	./.	./.	1/2	0/0	0/0	0/0	0/0	0/0	0/0	./.	0/0	0/0	1
15684	T176_L71.phylip_consensus_sequence	1748	.	G	T	2495.96	MQfilter	AC=2;AF=1.00;AN=2;DP=1397;ExcessHet=3.0103;FS=0.000;MLEAC=2;MLEAF=1.00;MQ=12.01;QD=29.60;SOR=4.731	GT:AD:DP:GQ:PGT:PID:PL	./.	./.	./.	./.	1/1	./.	./.	./.	./.	./.	./.	./.	./.	./.	1
15753	T176_L73.phylip_consensus_sequence	1646	.	G	T	10.98	QDfilter	AC=1;AF=0.036;AN=28;BaseQRankSum=-9.990e-01;ClippingRankSum=0.00;DP=422;ExcessHet=3.0103;FS=0.000;InbreedingCoeff=-0.0437;MLEAC=1;MLEAF=0.036;MQ=60.00;MQRankSum=0.00;QD=0.91;ReadPosRankSum=-5.660e-01;SOR=0.072	GT:AD:DP:GQ:PL	0/0	0/0	0/0	0/0	0/0	0/0	0/0	0/1	0/0	0/0	0/0	0/0	0/0	0/0	1
15996	T176_L79.phylip_consensus_sequence	1725	.	C	T	236.96	MQfilter	AC=1;AF=0.500;AN=2;BaseQRankSum=0.012;ClippingRankSum=0.00;DP=104;ExcessHet=3.0103;FS=0.000;MLEAC=1;MLEAF=0.500;MQ=22.79;MQRankSum=0.00;QD=15.80;ReadPosRankSum=-7.280e-01;SOR=0.582	GT:AD:DP:GQ:PL	./.	./.	0/1	./.	./.	./.	./.	./.	./.	./.	./.	./.	./.	./.	1
16175	T176_L82.phylip_consensus_sequence	1719	.	G	A	634.04	MQfilter	AC=1;AF=0.038;AN=26;BaseQRankSum=0.787;ClippingRankSum=0.00;DP=519;ExcessHet=3.0103;FS=0.000;InbreedingCoeff=-0.0469;MLEAC=1;MLEAF=0.038;MQ=24.07;MQRankSum=4.13;QD=35.40;ReadPosRankSum=-6.510e-01;SOR=4.174	GT:AD:DP:GQ:PGT:PID:PL	0/0	0/0	./.	0/0	0/0	0/0	0/0	0/0	0/0	0/0	0/0	0/0	0/0	0/1	1
16178	T176_L82.phylip_consensus_sequence	1740	.	T	C	343.57	MQfilter	AC=1;AF=0.042;AN=24;BaseQRankSum=0.230;ClippingRankSum=0.00;DP=406;ExcessHet=4.7216;FS=0.000;InbreedingCoeff=-0.1823;MLEAC=1;MLEAF=0.042;MQ=17.80;MQRankSum=0.00;QD=31.23;ReadPosRankSum=-1.602e+00;SOR=2.494	GT:AD:DP:GQ:PGT:PID:PL	0/0	0/0	0/0	./.	0/0	0/0	0/0	0/0	0/0	0/1	./.	0/0	0/0	0/0	1
16181	T176_L82.phylip_consensus_sequence	1769	.	C	T	15.1	MQfilter	AC=1;AF=0.500;AN=2;BaseQRankSum=0.674;ClippingRankSum=0.00;DP=55;ExcessHet=3.0103;FS=0.000;MLEAC=1;MLEAF=0.500;MQ=11.44;MQRankSum=0.00;QD=7.55;ReadPosRankSum=0.674;SOR=0.693	GT:AD:DP:GQ:PGT:PID:PL	./.	./.	./.	./.	./.	./.	./.	./.	0/1	./.	./.	./.	./.	./.	1
16182	T176_L82.phylip_consensus_sequence	1770	.	T	A	66.93	MQfilter	AC=2;AF=1.00;AN=2;DP=53;ExcessHet=3.0103;FS=0.000;MLEAC=2;MLEAF=1.00;MQ=11.66;QD=33.47;SOR=2.303	GT:AD:DP:GQ:PGT:PID:PL	./.	./.	./.	./.	./.	./.	./.	./.	./.	./.	./.	./.	./.	1/1	1
16183	T176_L82.phylip_consensus_sequence	1777	.	A	G	16.68	MQfilter	AC=2;AF=0.333;AN=6;DP=50;ExcessHet=0.4576;FS=0.000;MLEAC=1;MLEAF=0.167;MQ=11.55;QD=16.68;SOR=1.609	GT:AD:DP:GQ:PGT:PID:PL	./.	0/0	./.	./.	./.	./.	./.	./.	1/1	./.	./.	0/0	./.	./.	1
16238	T176_L83.phylip_consensus_sequence	1571	.	C	A	21.68	QDfilter	AC=1;AF=0.036;AN=28;BaseQRankSum=-1.804e+00;ClippingRankSum=0.00;DP=481;ExcessHet=3.0103;FS=2.836;InbreedingCoeff=-0.0448;MLEAC=1;MLEAF=0.036;MQ=60.00;MQRankSum=0.00;QD=1.55;ReadPosRankSum=-1.068e+00;SOR=0.105	GT:AD:DP:GQ:PL	0/0	0/0	0/0	0/0	0/0	0/0	0/0	0/0	0/1	0/0	0/0	0/0	0/0	0/0	1
16248	T176_L84.phylip_consensus_sequence	36	.	A	G	534.21	MQfilter	AC=4;AF=0.333;AN=12;DP=79;ExcessHet=0.0663;FS=0.000;MLEAC=5;MLEAF=0.417;MQ=28.16;QD=29.07;SOR=5.283	GT:AD:DP:GQ:PL	./.	1/1	0/0	./.	0/0	./.	./.	1/1	./.	./.	./.	0/0	./.	0/0	2
16249	T176_L84.phylip_consensus_sequence	43	.	T	C	101.37	MQfilter	AC=2;AF=0.200;AN=10;DP=77;ExcessHet=0.2482;FS=0.000;MLEAC=2;MLEAF=0.200;MQ=13.89;QD=33.79;SOR=2.833	GT:AD:DP:GQ:PL	./.	0/0	0/0	./.	0/0	./.	./.	0/0	./.	./.	./.	./.	./.	1/1	1
16319	T176_L86.phylip_consensus_sequence	1557	.	T	A	4269.53	MQfilter	AC=2;AF=0.091;AN=22;DP=985;ExcessHet=0.1047;FS=0.000;InbreedingCoeff=0.9258;MLEAC=2;MLEAF=0.091;MQ=26.40;QD=28.14;SOR=4.385	GT:AD:DP:GQ:PGT:PID:PL	0/0	0/0	0/0	0/0	0/0	0/0	0/0	0/0	0/0	0/0	./.	./.	./.	1/1	1
16365	T176_L87.phylip_consensus_sequence	1725	.	G	A	391.82	MQfilter	AC=1;AF=0.100;AN=10;BaseQRankSum=0.402;ClippingRankSum=0.00;DP=303;ExcessHet=3.0103;FS=0.000;MLEAC=1;MLEAF=0.100;MQ=20.49;MQRankSum=0.00;QD=18.66;ReadPosRankSum=2.96;SOR=0.223	GT:AD:DP:GQ:PGT:PID:PL	0/0	0/1	0/0	./.	./.	./.	./.	./.	./.	./.	0/0	./.	0/0	./.	1
16368	T176_L87.phylip_consensus_sequence	1737	.	T	G	91.35	MQfilter	AC=2;AF=0.125;AN=16;BaseQRankSum=1.71;ClippingRankSum=0.00;DP=163;ExcessHet=3.3579;FS=0.000;MLEAC=2;MLEAF=0.125;MQ=27.16;MQRankSum=0.00;QD=3.65;ReadPosRankSum=0.905;SOR=0.434	GT:AD:DP:GQ:PL	./.	./.	./.	0/0	0/0	./.	./.	./.	0/0	0/0	0/1	0/1	0/0	0/0	2
16421	T176_L88.phylip_consensus_sequence	1470	.	A	G	915.25	MQfilter	AC=5;AF=0.833;AN=6;BaseQRankSum=0.967;ClippingRankSum=0.00;DP=81;ExcessHet=3.0103;FS=0.000;MLEAC=5;MLEAF=0.833;MQ=33.33;MQRankSum=0.00;QD=37.13;ReadPosRankSum=0.00;SOR=3.611	GT:AD:DP:GQ:PL	./.	./.	./.	1/1	./.	./.	./.	./.	./.	0/1	1/1	./.	./.	./.	3
16432	T176_L89.phylip_consensus_sequence	208	.	A	G	611.83	MQfilter	AC=1;AF=0.038;AN=26;BaseQRankSum=-8.690e-01;ClippingRankSum=0.00;DP=1235;ExcessHet=3.0103;FS=1.268;InbreedingCoeff=-0.0407;MLEAC=1;MLEAF=0.038;MQ=22.87;MQRankSum=0.00;QD=14.57;ReadPosRankSum=0.580;SOR=0.480	GT:AD:DP:GQ:PL	0/0	0/0	0/0	0/0	0/0	0/0	0/0	0/0	0/1	0/0	0/0	0/0	0/0	./.	1
16606	T176_L93.phylip_consensus_sequence	40	.	C	T	14.97	QDfilter	AC=1;AF=0.042;AN=24;BaseQRankSum=-1.803e+00;ClippingRankSum=0.00;DP=172;ExcessHet=3.0103;FS=0.000;InbreedingCoeff=-0.0751;MLEAC=1;MLEAF=0.042;MQ=60.00;MQRankSum=0.00;QD=1.87;ReadPosRankSum=-2.100e+00;SOR=0.169	GT:AD:DP:GQ:PL	0/0	0/0	0/0	0/0	0/0	0/0	./.	0/0	./.	0/0	0/0	0/1	0/0	0/0	1
16627	T176_L94.phylip_consensus_sequence	68	.	G	T	748.91	MQfilter	AC=1;AF=0.100;AN=10;BaseQRankSum=-1.509e+00;ClippingRankSum=0.00;DP=351;ExcessHet=3.0103;FS=0.000;MLEAC=1;MLEAF=0.100;MQ=28.01;MQRankSum=0.00;QD=14.68;ReadPosRankSum=0.805;SOR=0.408	GT:AD:DP:GQ:PL	0/0	./.	0/1	./.	./.	./.	./.	./.	./.	./.	./.	0/0	0/0	0/0	1
16632	T176_L94.phylip_consensus_sequence	136	.	T	G	35.81	QDfilter	AC=1;AF=0.036;AN=28;BaseQRankSum=2.18;ClippingRankSum=0.00;DP=529;ExcessHet=3.0103;FS=0.000;InbreedingCoeff=-0.0498;MLEAC=1;MLEAF=0.036;MQ=60.00;MQRankSum=0.00;QD=1.99;ReadPosRankSum=2.08;SOR=0.743	GT:AD:DP:GQ:PL	0/0	0/0	0/0	0/0	0/0	0/0	0/0	0/0	0/1	0/0	0/0	0/0	0/0	0/0	1
16671	T176_L94.phylip_consensus_sequence	817	.	C	T	621.51	QDfilter	AC=1;AF=0.036;AN=28;BaseQRankSum=0.519;ClippingRankSum=0.00;DP=10160;ExcessHet=3.0103;FS=0.000;InbreedingCoeff=-0.0376;MLEAC=1;MLEAF=0.036;MQ=60.00;MQRankSum=0.00;QD=0.61;ReadPosRankSum=-5.293e+00;SOR=0.737	GT:AD:DP:GQ:PL	0/0	0/0	0/1	0/0	0/0	0/0	0/0	0/0	0/0	0/0	0/0	0/0	0/0	0/0	1
16690	T176_L94.phylip_consensus_sequence	1160	.	C	T	3150.5	ReadPosRankSumfilter	AC=1;AF=0.036;AN=28;BaseQRankSum=5.60;ClippingRankSum=0.00;DP=1276;ExcessHet=3.0103;FS=6.793;InbreedingCoeff=-0.0371;MLEAC=1;MLEAF=0.036;MQ=60.00;MQRankSum=0.00;QD=4.65;ReadPosRankSum=-1.073e+01;SOR=0.299	GT:AD:DP:GQ:PGT:PID:PL	0/0	0/0	0/0	0/0	0/0	0/0	0/0	0/0	0/0	0/0	0/1	0/0	0/0	0/0	1
16691	T176_L94.phylip_consensus_sequence	1161	.	T	G	3150.5	ReadPosRankSumfilter	AC=1;AF=0.036;AN=28;BaseQRankSum=4.67;ClippingRankSum=0.00;DP=1271;ExcessHet=3.0103;FS=7.071;InbreedingCoeff=-0.0371;MLEAC=1;MLEAF=0.036;MQ=60.00;MQRankSum=0.00;QD=4.68;ReadPosRankSum=-1.090e+01;SOR=0.290	GT:AD:DP:GQ:PGT:PID:PL	0/0	0/0	0/0	0/0	0/0	0/0	0/0	0/0	0/0	0/0	0/1	0/0	0/0	0/0	1
16698	T176_L95.phylip_consensus_sequence	29	.	T	C	168.53	MQfilter	AC=2;AF=0.083;AN=24;DP=255;ExcessHet=0.0955;FS=0.000;InbreedingCoeff=0.7799;MLEAC=2;MLEAF=0.083;MQ=21.76;QD=33.71;SOR=3.611	GT:AD:DP:GQ:PL	0/0	./.	0/0	0/0	1/1	0/0	0/0	0/0	0/0	0/0	0/0	0/0	0/0	./.	1
